c[?7l[2J[0mSeaBIOS (version 1.16.3-debian-1.16.3-2)
Booting from ROM...
c[?7l[2J[    0.000000] Linux version 7.2.0-rc5 (prozak@powertower) (gcc (Ubuntu 13.3.0-6ubuntu2~24.04.1) 13.3.0, GNU ld (GNU Binutils for Ubuntu) 2.42) #1 SMP PREEMPT_DYNAMIC Fri Jul 31 20:26:05 PDT 2026
[    0.000000] Command line: root=/dev/vda rw console=ttyS0 init=/qemu-init panic=-1 qfstyp=btrfs qtests=generic/044,generic/045,generic/046 qloop=3 qmopts=commit=1
[    0.000000] x86 CPU feature dependency check failure: CPU0 has '18*32+31' enabled but '18*32+26' disabled. Kernel might be fine, but no guarantees.
[    0.000000] BIOS-provided physical RAM map:
[    0.000000] BIOS-e820: [mem 0x0000000000000000-0x000000000009fbff]  System RAM
[    0.000000] BIOS-e820: [mem 0x000000000009fc00-0x000000000009ffff]  device reserved
[    0.000000] BIOS-e820: [gap 0x00000000000a0000-0x00000000000effff]
[    0.000000] BIOS-e820: [mem 0x00000000000f0000-0x00000000000fffff]  device reserved
[    0.000000] BIOS-e820: [mem 0x0000000000100000-0x00000000bffd6fff]  System RAM
[    0.000000] BIOS-e820: [mem 0x00000000bffd7000-0x00000000bfffffff]  device reserved
[    0.000000] BIOS-e820: [gap 0x00000000c0000000-0x00000000feffbfff]
[    0.000000] BIOS-e820: [mem 0x00000000feffc000-0x00000000feffffff]  device reserved
[    0.000000] BIOS-e820: [gap 0x00000000ff000000-0x00000000fffbffff]
[    0.000000] BIOS-e820: [mem 0x00000000fffc0000-0x00000000ffffffff]  device reserved
[    0.000000] BIOS-e820: [mem 0x0000000100000000-0x000000013fffffff]  System RAM
[    0.000000] BIOS-e820: [gap 0x0000000140000000-0x000000fcffffffff]
[    0.000000] BIOS-e820: [mem 0x000000fd00000000-0x000000ffffffffff]  device reserved
[    0.000000] NX (Execute Disable) protection: active
[    0.000000] APIC: Static calls initialized
[    0.000000] DMI: SMBIOS 3.0.0 present.
[    0.000000] DMI: QEMU Ubuntu 24.04 PC v2 (i440FX + PIIX, arch_caps fix, 1996), BIOS 1.16.3-debian-1.16.3-2 04/01/2014
[    0.000000] DMI: Memory slots populated: 1/1
[    0.000000] Hypervisor detected: KVM
[    0.000000] last_pfn = 0xbffd7 max_arch_pfn = 0x400000000
[    0.000000] kvm-clock: Using msrs 4b564d01 and 4b564d00
[    0.000000] kvm-clock: using sched offset of 363962904 cycles
[    0.000001] clocksource: kvm-clock: mask: 0xffffffffffffffff max_cycles: 0x1cd42e4dffb, max_idle_ns: 881590591483 ns
[    0.000002] tsc: Detected 3400.028 MHz processor
[    0.000464] last_pfn = 0x140000 max_arch_pfn = 0x400000000
[    0.000570] MTRR map: 4 entries (3 fixed + 1 variable; max 19), built from 8 variable MTRRs
[    0.000575] x86/PAT: Configuration [0-7]: WB  WC  UC- UC  WB  WP  UC- WT  
[    0.000715] last_pfn = 0xbffd7 max_arch_pfn = 0x400000000
[    0.001883] found SMP MP-table at [mem 0x000f5470-0x000f547f]
[    0.001888] Using GB pages for direct mapping
[    0.001961] ACPI: Early table checksum verification disabled
[    0.001963] ACPI: RSDP 0x00000000000F5260 000014 (v00 BOCHS )
[    0.001975] ACPI: RSDT 0x00000000BFFE1D75 000034 (v01 BOCHS  BXPC     00000001 BXPC 00000001)
[    0.001977] ACPI: FACP 0x00000000BFFE1C11 000074 (v01 BOCHS  BXPC     00000001 BXPC 00000001)
[    0.001985] ACPI: DSDT 0x00000000BFFE0040 001BD1 (v01 BOCHS  BXPC     00000001 BXPC 00000001)
[    0.001986] ACPI: FACS 0x00000000BFFE0000 000040
[    0.001987] ACPI: APIC 0x00000000BFFE1C85 000090 (v03 BOCHS  BXPC     00000001 BXPC 00000001)
[    0.001988] ACPI: HPET 0x00000000BFFE1D15 000038 (v01 BOCHS  BXPC     00000001 BXPC 00000001)
[    0.001989] ACPI: WAET 0x00000000BFFE1D4D 000028 (v01 BOCHS  BXPC     00000001 BXPC 00000001)
[    0.001990] ACPI: Reserving FACP table memory at [mem 0xbffe1c11-0xbffe1c84]
[    0.001991] ACPI: Reserving DSDT table memory at [mem 0xbffe0040-0xbffe1c10]
[    0.001991] ACPI: Reserving FACS table memory at [mem 0xbffe0000-0xbffe003f]
[    0.001991] ACPI: Reserving APIC table memory at [mem 0xbffe1c85-0xbffe1d14]
[    0.001992] ACPI: Reserving HPET table memory at [mem 0xbffe1d15-0xbffe1d4c]
[    0.001992] ACPI: Reserving WAET table memory at [mem 0xbffe1d4d-0xbffe1d74]
[    0.002438] No NUMA configuration found
[    0.002439] Faking a node at [mem 0x0000000000000000-0x000000013fffffff]
[    0.002441] NODE_DATA(0) allocated [mem 0x13fffc680-0x13fffffff]
[    0.003122] ACPI: PM-Timer IO Port: 0x608
[    0.003135] ACPI: LAPIC_NMI (acpi_id[0xff] dfl dfl lint[0x1])
[    0.003181] IOAPIC[0]: apic_id 0, version 17, address 0xfec00000, GSI 0-23
[    0.003182] ACPI: INT_SRC_OVR (bus 0 bus_irq 0 global_irq 2 dfl dfl)
[    0.003183] ACPI: INT_SRC_OVR (bus 0 bus_irq 5 global_irq 5 high level)
[    0.003183] ACPI: INT_SRC_OVR (bus 0 bus_irq 9 global_irq 9 high level)
[    0.003184] ACPI: INT_SRC_OVR (bus 0 bus_irq 10 global_irq 10 high level)
[    0.003184] ACPI: INT_SRC_OVR (bus 0 bus_irq 11 global_irq 11 high level)
[    0.003185] ACPI: Using ACPI (MADT) for SMP configuration information
[    0.003186] ACPI: HPET id: 0x8086a201 base: 0xfed00000
[    0.003187] TSC deadline timer available
[    0.003188] CPU topo: Max. logical packages:   1
[    0.003189] CPU topo: Max. logical nodes:      1
[    0.003190] CPU topo: Num. nodes per package:  1
[    0.003191] CPU topo: Max. logical dies:       1
[    0.003191] CPU topo: Max. dies per package:   1
[    0.003193] CPU topo: Max. threads per core:   1
[    0.003193] CPU topo: Num. cores per package:     4
[    0.003193] CPU topo: Num. threads per package:   4
[    0.003194] CPU topo: Allowing 4 present CPUs plus 0 hotplug CPUs
[    0.003208] kvm-guest: APIC: eoi() replaced with kvm_guest_apic_eoi_write()
[    0.003269] kvm-guest: KVM setup pv remote TLB flush
[    0.003279] kvm-guest: setup PV sched yield
[    0.003289] PM: hibernation: Registered nosave memory: [mem 0x00000000-0x00000fff]
[    0.003290] PM: hibernation: Registered nosave memory: [mem 0x0009f000-0x000fffff]
[    0.003291] PM: hibernation: Registered nosave memory: [mem 0xbffd7000-0xffffffff]
[    0.003291] [gap 0xc0000000-0xfeffbfff] available for PCI devices
[    0.003292] Booting paravirtualized kernel on KVM
[    0.003293] clocksource: refined-jiffies: mask: 0xffffffff max_cycles: 0xffffffff, max_idle_ns: 1910969940391419 ns
[    0.007085] Zone ranges:
[    0.007085]   DMA      [mem 0x0000000000001000-0x0000000000ffffff]
[    0.007087]   DMA32    [mem 0x0000000001000000-0x00000000ffffffff]
[    0.007087]   Normal   [mem 0x0000000100000000-0x000000013fffffff]
[    0.007088] Movable zone start for each node
[    0.007088] Early memory node ranges
[    0.007088]   node   0: [mem 0x0000000000001000-0x000000000009efff]
[    0.007089]   node   0: [mem 0x0000000000100000-0x00000000bffd6fff]
[    0.007090]   node   0: [mem 0x0000000100000000-0x000000013fffffff]
[    0.007090] Initmem setup node 0 [mem 0x0000000000001000-0x000000013fffffff]
[    0.007153] On node 0, zone DMA: 1 pages in unavailable ranges
[    0.007541] On node 0, zone DMA: 97 pages in unavailable ranges
[    0.113611] On node 0, zone Normal: 41 pages in unavailable ranges
[    0.113619] setup_percpu: NR_CPUS:64 nr_cpumask_bits:4 nr_cpu_ids:4 nr_node_ids:1
[    0.117037] percpu: Embedded 52 pages/cpu s175704 r8192 d29096 u524288
[    0.117122] Kernel command line: root=/dev/vda rw console=ttyS0 init=/qemu-init panic=-1 qfstyp=btrfs qtests=generic/044,generic/045,generic/046 qloop=3 qmopts=commit=1
[    0.117156] Unknown kernel command line parameters "qfstyp=btrfs qtests=generic/044,generic/045,generic/046 qloop=3 qmopts=commit=1", will be passed to user space.
[    0.117169] random: crng init done
[    0.117170] printk: log buffer data + meta data: 262144 + 917504 = 1179648 bytes
[    0.124069] Dentry cache hash table entries: 524288 (order: 10, 4194304 bytes, linear)
[    0.127441] Inode-cache hash table entries: 262144 (order: 9, 2097152 bytes, linear)
[    0.127536] software IO TLB: area num 4.
[    0.242128] Fallback order for Node 0: 0 
[    0.242133] Built 1 zonelists, mobility grouping on.  Total pages: 1048437
[    0.242135] Policy zone: Normal
[    0.242136] mem auto-init: stack:all(zero), heap alloc:off, heap free:off
[    0.246856] SLUB: HWalign=64, Order=0-3, MinObjects=0, CPUs=4, Nodes=1
[    0.247873] Dynamic Preempt: lazy
[    0.247976] rcu: Preemptible hierarchical RCU implementation.
[    0.247976] rcu: 	RCU event tracing is enabled.
[    0.247977] rcu: 	RCU restricting CPUs from NR_CPUS=64 to nr_cpu_ids=4.
[    0.247979] 	Trampoline variant of Tasks RCU enabled.
[    0.247979] 	Tracing variant of Tasks RCU enabled.
[    0.247979] rcu: RCU calculated value of scheduler-enlistment delay is 100 jiffies.
[    0.247980] rcu: Adjusting geometry for rcu_fanout_leaf=16, nr_cpu_ids=4
[    0.248001] RCU Tasks: Setting shift to 2 and lim to 1 rcu_task_cb_adjust=1 rcu_task_cpu_ids=4.
[    0.251404] NR_IRQS: 4352, nr_irqs: 456, preallocated irqs: 16
[    0.251720] rcu: srcu_init: Setting srcu_struct sizes based on contention.
[    0.251758] clocksource: jiffies: mask: 0xffffffff max_cycles: 0xffffffff, max_idle_ns: 1911260446275000 ns
[    0.264167] Console: colour VGA+ 80x25
[    0.264225] printk: legacy console [ttyS0] enabled
[    0.413936] ACPI: Core revision 20260408
[    0.414841] clocksource: hpet: mask: 0xffffffff max_cycles: 0xffffffff, max_idle_ns: 19112604467 ns
[    0.416699] APIC: Switch to symmetric I/O mode setup
[    0.418098] x2apic enabled
[    0.419109] APIC: Switched APIC routing to: physical x2apic
[    0.420233] kvm-guest: APIC: send_IPI_mask() replaced with kvm_send_ipi_mask()
[    0.421702] kvm-guest: APIC: send_IPI_mask_allbutself() replaced with kvm_send_ipi_mask_allbutself()
[    0.423482] kvm-guest: setup PV IPIs
[    0.426299] ..TIMER: vector=0x30 apic1=0 pin1=2 apic2=-1 pin2=-1
[    0.427521] clocksource: tsc-early: mask: 0xffffffffffffffff max_cycles: 0x31026923fb3, max_idle_ns: 440795355848 ns
[    0.429586] Calibrating delay loop (skipped) preset value.. 6800.05 BogoMIPS (lpj=3400028)
[    0.431776] x86/cpu: User Mode Instruction Prevention (UMIP) activated
[    0.432870] Last level iTLB entries: 4KB 512, 2MB 255, 4MB 127
[    0.433586] Last level dTLB entries: 4KB 512, 2MB 255, 4MB 127, 1GB 0
[    0.434595] mitigations: Enabled attack vectors: user_kernel, user_user, SMT mitigations: auto
[    0.435586] Speculative Store Bypass: Mitigation: Speculative Store Bypass disabled via prctl
[    0.436633] Speculative Return Stack Overflow: IBPB-extending microcode not applied!
[    0.437586] Speculative Return Stack Overflow: WARNING: See https://kernel.org/doc/html/latest/admin-guide/hw-vuln/srso.html for mitigation options.
[    0.437587] Transient Scheduler Attacks: Vulnerable: No microcode
[    0.439586] Spectre V2 : Mitigation: Retpolines
[    0.440586] Speculative Return Stack Overflow: Vulnerable: Safe RET, no microcode
[    0.441586] Spectre V1 : Mitigation: usercopy/swapgs barriers and __user pointer sanitization
[    0.442586] Spectre V2 : Spectre v2 / SpectreRSB: Filling RSB on context switch and VMEXIT
[    0.443586] Spectre V2 : Enabling Restricted Speculation for firmware calls
[    0.444587] Spectre V2 : mitigation: Enabling conditional Indirect Branch Prediction Barrier
[    0.445586] active return thunk: srso_alias_return_thunk
[    0.446631] x86/fpu: Supporting XSAVE feature 0x001: 'x87 floating point registers'
[    0.447586] x86/fpu: Supporting XSAVE feature 0x002: 'SSE registers'
[    0.449585] x86/fpu: Supporting XSAVE feature 0x004: 'AVX registers'
[    0.450586] x86/fpu: xstate_offset[2]:  576, xstate_sizes[2]:  256
[    0.451586] x86/fpu: Enabled xstate features 0x7, context size is 832 bytes, using 'compacted' format.
[    0.471537] pid_max: default: 32768 minimum: 301
[    0.471674] SELinux:  Initializing.
[    0.472953] Mount-cache hash table entries: 8192 (order: 4, 65536 bytes, linear)
[    0.473719] Mountpoint-cache hash table entries: 8192 (order: 4, 65536 bytes, linear)
[    0.474868] VFS: Finished mounting rootfs on nullfs
[    0.477087] smpboot: CPU0: AMD Ryzen 9 5950X 16-Core Processor (family: 0x19, model: 0x21, stepping: 0x2)
[    0.478390] Performance Events: Fam17h+ core perfctr, AMD PMU driver.
[    0.478598] ... version:                   0
[    0.479507] ... bit width:                 48
[    0.479603] ... generic counters:          6
[    0.480521] ... generic bitmap:            000000000000003f
[    0.480596] ... fixed-purpose counters:    0
[    0.481510] ... fixed-purpose bitmap:      0000000000000000
[    0.481591] ... value mask:                0000ffffffffffff
[    0.482591] ... max period:                00007fffffffffff
[    0.483592] ... global_ctrl mask:          000000000000003f
[    0.484783] signal: max sigframe size: 1776
[    0.485658] rcu: Hierarchical SRCU implementation.
[    0.486595] rcu: 	Max phase no-delay instances is 400.
[    0.487754] Timer migration: 1 hierarchy levels; 8 children per group; 1 crossnode level
[    0.493594] smp: Bringing up secondary CPUs ...
[    0.495110] smpboot: x86: Booting SMP configuration:
[    0.495594] .... node  #0, CPUs:      #1 #2 #3
[    0.501813] smp: Brought up 1 node, 4 CPUs
[    0.503527] smpboot: Total of 4 processors activated (27200.22 BogoMIPS)
[    0.504738] Memory: 4003456K/4193748K available (20952K kernel code, 3140K rwdata, 8480K rodata, 3112K init, 612K bss, 185796K reserved, 0K cma-reserved)
[    0.506960] devtmpfs: initialized
[    0.508031] posixtimers hash table entries: 2048 (order: 3, 32768 bytes, linear)
[    0.508817] futex hash table entries: 1024 (65536 bytes on 1 NUMA nodes, total 64 KiB, linear).
[    0.509672] xor: automatically using best checksumming function   avx       
[    0.511356] PM: RTC time: 03:26:18, date: 2026-08-01
[    0.511996] NET: Registered PF_NETLINK/PF_ROUTE protocol family
[    0.512828] audit: initializing netlink subsys (disabled)
[    0.513642] audit: type=2000 audit(1785554779.560:1): state=initialized audit_enabled=0 res=1
[    0.513768] thermal_sys: Registered thermal governor 'step_wise'
[    0.514645] cpuidle: using governor menu
[    0.519058] Freeing SMP alternatives memory: 60K
[    0.520129] PCI: Using configuration type 1 for base access
[    0.520591] PCI: Using configuration type 1 for extended access
[    0.521708] kprobes: kprobe jump-optimization is enabled. All kprobes are optimized if possible.
[    0.523640] HugeTLB: registered 2.00 MiB page size, pre-allocated 0 pages
[    0.524592] HugeTLB: 28 KiB vmemmap can be freed for a 2.00 MiB page
[    0.527559] raid6: using avx2x2 recovery algorithm
[    0.544591] raid6: avx2x1   gen() 33316 MB/s
[    0.561592] raid6: avx2x2   gen() 45681 MB/s
[    0.579591] raid6: avx2x4   gen() 46785 MB/s
[    0.580897] raid6: using algorithm avx2x4 gen() 46785 MB/s
[    0.598592] raid6: .... xor() 6203 MB/s, rmw enabled
[    0.599637] ACPI: Added _OSI(Module Device)
[    0.600593] ACPI: Added _OSI(Processor Device)
[    0.601580] ACPI: Added _OSI(Processor Aggregator Device)
[    0.602910] ACPI: 1 ACPI AML tables successfully acquired and loaded
[    0.606612] ACPI: \_SB_: platform _OSC: OS support mask [002a7eee]
[    0.607776] ACPI: Interpreter enabled
[    0.608605] ACPI: PM: (supports S0 S3 S4 S5)
[    0.609592] ACPI: Using IOAPIC for interrupt routing
[    0.610606] PCI: Using host bridge windows from ACPI; if necessary, use "pci=nocrs" and report a bug
[    0.611593] PCI: Using E820 reservations for host bridge windows
[    0.612719] ACPI: Enabled 2 GPEs in block 00 to 0F
[    0.617616] ACPI: PCI Root Bridge [PCI0] (domain 0000 [bus 00-ff])
[    0.618596] acpi PNP0A03:00: _OSC: OS supports [ExtendedConfig ASPM ClockPM Segments MSI HPX-Type3]
[    0.619597] acpi PNP0A03:00: _OSC: OS requested [PME PCIeCapability LTR]
[    0.620593] acpi PNP0A03:00: _OSC: platform willing to grant [PME PCIeCapability LTR]
[    0.621592] acpi PNP0A03:00: _OSC: platform retains control of PCIe features (AE_ERROR)
[    0.622738] PCI host bridge to bus 0000:00
[    0.623596] pci_bus 0000:00: root bus resource [io  0x0000-0x0cf7 window]
[    0.624593] pci_bus 0000:00: root bus resource [io  0x0d00-0xffff window]
[    0.625593] pci_bus 0000:00: root bus resource [mem 0x000a0000-0x000bffff window]
[    0.626593] pci_bus 0000:00: root bus resource [mem 0xc0000000-0xfebfffff window]
[    0.627593] pci_bus 0000:00: root bus resource [mem 0x380000000000-0x38007fffffff window]
[    0.628593] pci_bus 0000:00: root bus resource [bus 00-ff]
[    0.629921] pci 0000:00:00.0: [8086:1237] type 00 class 0x060000 conventional PCI endpoint
[    0.631554] pci 0000:00:01.0: [8086:7000] type 00 class 0x060100 conventional PCI endpoint
[    0.632573] pci 0000:00:01.1: [8086:7010] type 00 class 0x010180 conventional PCI endpoint
[    0.633578] pci 0000:00:01.1: BAR 4 [io  0xc180-0xc18f]
[    0.633678] pci 0000:00:01.1: BAR 0 [io  0x01f0-0x01f7]: legacy IDE quirk
[    0.634592] pci 0000:00:01.1: BAR 1 [io  0x03f6]: legacy IDE quirk
[    0.635596] pci 0000:00:01.1: BAR 2 [io  0x0170-0x0177]: legacy IDE quirk
[    0.636594] pci 0000:00:01.1: BAR 3 [io  0x0376]: legacy IDE quirk
[    0.637998] pci 0000:00:01.3: [8086:7113] type 00 class 0x068000 conventional PCI endpoint
[    0.639294] pci 0000:00:01.3: quirk: [io  0x0600-0x063f] claimed by PIIX4 ACPI
[    0.639609] pci 0000:00:01.3: quirk: [io  0x0700-0x070f] claimed by PIIX4 SMB
[    0.641010] pci 0000:00:02.0: [1234:1111] type 00 class 0x030000 conventional PCI endpoint
[    0.643804] pci 0000:00:02.0: BAR 0 [mem 0xfd000000-0xfdffffff pref]
[    0.644627] pci 0000:00:02.0: BAR 2 [mem 0xfebf0000-0xfebf0fff]
[    0.645652] pci 0000:00:02.0: ROM [mem 0xfebe0000-0xfebeffff pref]
[    0.647158] pci 0000:00:02.0: Video device with shadowed ROM at [mem 0x000c0000-0x000dffff]
[    0.649505] pci 0000:00:03.0: [1af4:1001] type 00 class 0x010000 conventional PCI endpoint
[    0.651610] pci 0000:00:03.0: BAR 0 [io  0xc000-0xc07f]
[    0.652610] pci 0000:00:03.0: BAR 1 [mem 0xfebf1000-0xfebf1fff]
[    0.653653] pci 0000:00:03.0: BAR 4 [mem 0x380000000000-0x380000003fff 64bit pref]
[    0.657004] pci 0000:00:04.0: [1af4:1001] type 00 class 0x010000 conventional PCI endpoint
[    0.659227] pci 0000:00:04.0: BAR 0 [io  0xc080-0xc0ff]
[    0.659609] pci 0000:00:04.0: BAR 1 [mem 0xfebf2000-0xfebf2fff]
[    0.660653] pci 0000:00:04.0: BAR 4 [mem 0x380000004000-0x380000007fff 64bit pref]
[    0.663773] pci 0000:00:05.0: [1af4:1001] type 00 class 0x010000 conventional PCI endpoint
[    0.666313] pci 0000:00:05.0: BAR 0 [io  0xc100-0xc17f]
[    0.666618] pci 0000:00:05.0: BAR 1 [mem 0xfebf3000-0xfebf3fff]
[    0.667671] pci 0000:00:05.0: BAR 4 [mem 0x380000008000-0x38000000bfff 64bit pref]
[    0.673873] ACPI: PCI: Interrupt link LNKA configured for IRQ 10
[    0.674742] ACPI: PCI: Interrupt link LNKB configured for IRQ 10
[    0.675777] ACPI: PCI: Interrupt link LNKC configured for IRQ 11
[    0.676739] ACPI: PCI: Interrupt link LNKD configured for IRQ 11
[    0.677681] ACPI: PCI: Interrupt link LNKS configured for IRQ 9
[    0.680035] iommu: Default domain type: Translated
[    0.680592] iommu: DMA domain TLB invalidation policy: lazy mode
[    0.682966] SCSI subsystem initialized
[    0.684697] ACPI: bus type USB registered
[    0.685638] usbcore: registered new interface driver usbfs
[    0.686623] usbcore: registered new interface driver hub
[    0.687619] usbcore: registered new device driver usb
[    0.688669] pps_core: LinuxPPS API ver. 1 registered
[    0.689592] pps_core: Software ver. 5.3.6 - Copyright 2005-2007 Rodolfo Giometti <giometti@linux.it>
[    0.690609] PTP clock support registered
[    0.691828] Advanced Linux Sound Architecture Driver Initialized.
[    0.693569] NetLabel: Initializing
[    0.693592] NetLabel:  domain hash size = 128
[    0.694592] NetLabel:  protocols = UNLABELED CIPSOv4 CALIPSO
[    0.695735] NetLabel:  unlabeled traffic allowed by default
[    0.697144] PCI: Using ACPI for IRQ routing
[    0.697900] e820: register RAM buffer resource [mem 0x0009fc00-0x0009ffff]
[    0.698602] e820: register RAM buffer resource [mem 0xbffd7000-0xbfffffff]
[    0.699668] pci 0000:00:02.0: vgaarb: setting as boot VGA device
[    0.700584] pci 0000:00:02.0: vgaarb: bridge control possible
[    0.700584] pci 0000:00:02.0: vgaarb: VGA device added: decodes=io+mem,owns=io+mem,locks=none
[    0.700603] vgaarb: loaded
[    0.701999] hpet0: at MMIO 0xfed00000, IRQs 2, 8, 0
[    0.702592] hpet0: 3 comparators, 64-bit 100.000000 MHz counter
[    0.706904] clocksource: Switched to clocksource kvm-clock
[    0.708614] VFS: Disk quotas dquot_6.6.0
[    0.709658] VFS: Dquot-cache hash table entries: 512 (4096 bytes)
[    0.711821] pnp: PnP ACPI init
[    0.713077] pnp: PnP ACPI: found 5 devices
[    0.722885] clocksource: acpi_pm: mask: 0xffffff max_cycles: 0xffffff, max_idle_ns: 2085701024 ns
[    0.725012] NET: Registered PF_INET protocol family
[    0.727286] IP idents hash table entries: 65536 (order: 7, 524288 bytes, linear)
[    0.729906] tcp_listen_portaddr_hash hash table entries: 2048 (order: 3, 32768 bytes, linear)
[    0.731927] Table-perturb hash table entries: 65536 (order: 6, 262144 bytes, linear)
[    0.733658] TCP established hash table entries: 32768 (order: 6, 262144 bytes, linear)
[    0.736026] TCP bind hash table entries: 32768 (order: 8, 1048576 bytes, linear)
[    0.739815] TCP: Hash tables configured (established 32768 bind 32768)
[    0.741653] UDP hash table entries: 2048 (order: 5, 131072 bytes, linear)
[    0.743612] NET: Registered PF_UNIX/PF_LOCAL protocol family
[    0.745698] RPC: Registered named UNIX socket transport module.
[    0.747101] RPC: Registered udp transport module.
[    0.748199] RPC: Registered tcp transport module.
[    0.749267] RPC: Registered tcp-with-tls transport module.
[    0.750488] RPC: Registered tcp NFSv4.1 backchannel transport module.
[    0.752610] pci_bus 0000:00: resource 4 [io  0x0000-0x0cf7 window]
[    0.754214] pci_bus 0000:00: resource 5 [io  0x0d00-0xffff window]
[    0.755614] pci_bus 0000:00: resource 6 [mem 0x000a0000-0x000bffff window]
[    0.757115] pci_bus 0000:00: resource 7 [mem 0xc0000000-0xfebfffff window]
[    0.758657] pci_bus 0000:00: resource 8 [mem 0x380000000000-0x38007fffffff window]
[    0.760363] pci 0000:00:01.0: PIIX3: Enabling Passive Release
[    0.761674] pci 0000:00:00.0: Limiting direct PCI/PCI transfers
[    0.763149] PCI: CLS 0 bytes, default 64
[    0.764203] PCI-DMA: Using software bounce buffering for IO (SWIOTLB)
[    0.765641] software IO TLB: mapped [mem 0x00000000bbfd7000-0x00000000bffd7000] (64MB)
[    0.767475] clocksource: tsc: mask: 0xffffffffffffffff max_cycles: 0x31026923fb3, max_idle_ns: 440795355848 ns
[    0.772086] Initialise system trusted keyrings
[    0.773459] workingset: timestamp_bits=56 (anon: 51) max_order=20 bucket_order=0 (anon: 0)
[    0.776079] NFS: Registering the id_resolver key type
[    0.777271] Key type id_resolver registered
[    0.778243] Key type id_legacy registered
[    0.779195] nfs4filelayout_init: NFSv4 File Layout Driver Registering...
[    0.780737] nfs4flexfilelayout_init: NFSv4 Flexfile Layout Driver Registering...
[    0.782543] 9p: Installing v9fs 9p2000 file system support
[    0.785095] Key type asymmetric registered
[    0.786042] Asymmetric key parser 'x509' registered
[    0.787222] Block layer SCSI generic (bsg) driver version 0.4 loaded (major 251)
[    0.788982] io scheduler mq-deadline registered
[    0.790015] io scheduler kyber registered
[    0.791375] input: Power Button as /devices/platform/LNXPWRBN:00/input/input0
[    0.793193] ACPI: button: Power Button [PWRF]
[    0.822793] ACPI: \_SB_.LNKC: Enabled at IRQ 11
[    0.853212] ACPI: \_SB_.LNKD: Enabled at IRQ 10
[    0.884142] ACPI: \_SB_.LNKA: Enabled at IRQ 10
[    0.887575] Serial: 8250/16550 driver, 4 ports, IRQ sharing enabled
[    0.889503] 00:04: ttyS0 at I/O 0x3f8 (irq = 4, base_baud = 115200) is a 16550A
[    0.892507] Non-volatile memory driver v1.3
[    0.893702] ACPI: bus type drm_connector registered
[    0.901353] loop: module loaded
[    0.902362] virtio_blk virtio0: 4/0/0 default/read/poll queues
[    0.907341] virtio_blk virtio0: [vda] 12582912 512-byte logical blocks (6.44 GB/6.00 GiB)
[    0.911418] virtio_blk virtio1: 4/0/0 default/read/poll queues
[    0.915932] virtio_blk virtio1: [vdb] 16777216 512-byte logical blocks (8.59 GB/8.00 GiB)
[    0.919706] virtio_blk virtio2: 4/0/0 default/read/poll queues
[    0.924274] virtio_blk virtio2: [vdc] 16777216 512-byte logical blocks (8.59 GB/8.00 GiB)
[    0.929632] scsi host0: ata_piix
[    0.931142] scsi host1: ata_piix
[    0.932046] ata1: PATA max MWDMA2 cmd 0x1f0 ctl 0x3f6 bmdma 0xc180 irq 14 lpm-pol 0
[    0.933756] ata2: PATA max MWDMA2 cmd 0x170 ctl 0x376 bmdma 0xc188 irq 15 lpm-pol 0
[    0.935782] e100: Intel(R) PRO/100 Network Driver
[    0.936855] e100: Copyright(c) 1999-2006 Intel Corporation
[    0.938923] e1000: Intel(R) PRO/1000 Network Driver
[    0.940567] e1000: Copyright (c) 1999-2006 Intel Corporation.
[    0.941951] e1000e: Intel(R) PRO/1000 Network Driver
[    0.943086] e1000e: Copyright(c) 1999 - 2015 Intel Corporation.
[    0.944478] sky2: driver version 1.30
[    0.945618] usbcore: registered new interface driver usblp
[    0.946875] usbcore: registered new interface driver usb-storage
[    0.948386] i8042: PNP: PS/2 Controller [PNP0303:KBD,PNP0f13:MOU] at 0x60,0x64 irq 1,12
[    0.951393] serio: i8042 KBD port at 0x60,0x64 irq 1
[    0.952562] serio: i8042 AUX port at 0x60,0x64 irq 12
[    0.954044] rtc_cmos PNP0B00:00: RTC can wake from S4
[    0.955619] input: AT Translated Set 2 keyboard as /devices/platform/i8042/serio0/input/input1
[    0.959637] rtc_cmos PNP0B00:00: registered as rtc0
[    0.962056] rtc_cmos PNP0B00:00: alarms up to one day, y3k, 242 bytes nvram, hpet irqs
[    0.965946] device-mapper: ioctl: 4.50.0-ioctl (2025-04-28) initialised: dm-devel@lists.linux.dev
[    0.968698] amd_pstate: the _CPC object is not present in SBIOS or ACPI disabled
[    0.970670] hid: raw HID events driver (C) Jiri Kosina
[    0.972311] usbcore: registered new interface driver usbhid
[    0.973554] usbhid: USB HID core driver
[    0.976323] nf_conntrack_irc: The irc conntrack helper is scheduled for removal.
[    0.976323] Please contact the netfilter-devel mailing list if you still need this.
[    0.980879] Initializing XFRM netlink socket
[    0.981948] NET: Registered PF_INET6 protocol family
[    0.984132] Segment Routing with IPv6
[    0.985019] In-situ OAM (IOAM) with IPv6
[    0.986006] NET: Registered PF_PACKET protocol family
[    0.987277] 9pnet: Installing 9P2000 support
[    0.988388] Key type dns_resolver registered
[    0.990362] IPI shorthand broadcast: enabled
[    0.996515] sched_clock: Marking stable (827012483, 168826386)->(1098247926, -102409057)
[    0.999062] registered taskstats version 1
[    1.000036] Loading compiled-in X.509 certificates
[    1.003803] Demotion targets for Node 0: null
[    1.005477] Btrfs loaded, zoned=no, fsverity=yes
[    1.006773] PM:   Magic number: 6:775:410
[    1.007763] netconsole: network logging started
[    1.008913] cfg80211: Loading compiled-in X.509 certificates for regulatory database
[    1.011249] kworker/u16:3 (69) used greatest stack depth: 14344 bytes left
[    1.011917] Loaded X.509 cert 'sforshee: 00b28ddf47aef9cea7'
[    1.014121] Loaded X.509 cert 'wens: 61c038651aabdcf94bd0ac7ff06c7248db18c600'
[    1.015792] ALSA device list:
[    1.016626] faux_driver regulatory: Direct firmware load for regulatory.db failed with error -2
[    1.018570] cfg80211: failed to load regulatory.db
[    1.018586]   No soundcards found.
[    1.092386] ata2: found unknown device (class 0)
[    1.093988] ata2.00: ATAPI: QEMU DVD-ROM, 2.5+, max UDMA/100
[    1.096718] scsi 1:0:0:0: CD-ROM            QEMU     QEMU DVD-ROM     2.5+ PQ: 0 ANSI: 5
[    1.116710] sr 1:0:0:0: [sr0] scsi3-mmc drive: 4x/4x cd/rw xa/form2 tray
[    1.131765] cdrom: Uniform CD-ROM driver Revision: 3.20
[    1.140678] sr 1:0:0:0: Attached scsi generic sg0 type 5
[    1.381799] input: ImExPS/2 Generic Explorer Mouse as /devices/platform/i8042/serio1/input/input3
[    1.383514] md: Waiting for all devices to be available before autodetect
[    1.384524] md: If you don't use raid, use raid=noautodetect
[    1.385375] md: Autodetecting RAID arrays.
[    1.385972] md: autorun ...
[    1.386371] md: ... autorun DONE.
[    1.409559] EXT4-fs (vda): recovery complete
[    1.411571] EXT4-fs (vda): mounted filesystem bf01d009-98bb-4268-8b40-9bbf1d882048 r/w with ordered data mode. Quota mode: none.
[    1.413503] VFS: Mounted root (ext4 filesystem) on device 253:0.
[    1.414723] devtmpfs: mounted
[    1.415493] VFS: Pivoted into new rootfs
[    1.420646] Freeing unused kernel image (initmem) memory: 3112K
[    1.421724] Write protecting the kernel read-only data: 32768k
[    1.425677] Freeing unused kernel image (text/rodata gap) memory: 1572K
[    1.429787] Freeing unused kernel image (rodata/data gap) memory: 1760K
[    1.469348] x86/mm: Checked W+X mappings: passed, no W+X pages found.
[    1.470339] Run /qemu-init as init process
[    1.482714] busybox (80) used greatest stack depth: 12736 bytes left
=== QEMU cross-check (7.2.0-rc5) ===
--- running generic/044 generic/045 generic/046 x3 ---
[    2.659182] BTRFS: device fsid beb0a138-b1d6-4409-8c61-9e466f17fab3 devid 1 transid 8 /dev/vdb (253:16) scanned by mount (249)
[    2.661613] BTRFS info (device vdb): first mount of filesystem beb0a138-b1d6-4409-8c61-9e466f17fab3
[    2.662962] BTRFS info (device vdb): using crc32c checksum algorithm
[    2.669243] BTRFS info (device vdb): checking UUID tree
[    2.670174] BTRFS info (device vdb): turning on async discard
[    2.671045] BTRFS info (device vdb): enabling free space tree
[    2.784684] BTRFS: device fsid edf02304-7953-45cf-8cd9-53f417d7de17 devid 1 transid 8 /dev/vdc (253:32) scanned by mount (343)
[    2.786987] BTRFS info (device vdc): first mount of filesystem edf02304-7953-45cf-8cd9-53f417d7de17
[    2.788352] BTRFS info (device vdc): using crc32c checksum algorithm
[    2.793619] BTRFS info (device vdc): checking UUID tree
[    2.794614] BTRFS info (device vdc): turning on async discard
[    2.795494] BTRFS info (device vdc): enabling free space tree
[    2.801257] BTRFS info (device vdc): last unmount of filesystem edf02304-7953-45cf-8cd9-53f417d7de17
[    2.814104] BTRFS info (device vdb): last unmount of filesystem beb0a138-b1d6-4409-8c61-9e466f17fab3
[    2.822467] BTRFS: device fsid beb0a138-b1d6-4409-8c61-9e466f17fab3 devid 1 transid 9 /dev/vdb (253:16) scanned by mount (377)
[    2.824405] BTRFS info (device vdb): first mount of filesystem beb0a138-b1d6-4409-8c61-9e466f17fab3
[    2.825661] BTRFS info (device vdb): using crc32c checksum algorithm
[    2.829605] BTRFS info (device vdb): turning on async discard
[    2.830488] BTRFS info (device vdb): enabling free space tree
[    2.839665] run fstests generic/044 at 2026-08-01 03:26:21
[    2.988376] BTRFS: device fsid a64e0706-1c63-479c-9dac-a86e1c83cf2a devid 1 transid 8 /dev/vdc (253:32) scanned by mount (576)
[    2.990886] BTRFS info (device vdc): first mount of filesystem a64e0706-1c63-479c-9dac-a86e1c83cf2a
[    2.992282] BTRFS info (device vdc): using crc32c checksum algorithm
[    2.997289] BTRFS info (device vdc): checking UUID tree
[    2.998293] BTRFS info (device vdc): turning on async discard
[    2.999126] BTRFS info (device vdc): enabling free space tree
[    3.019986] BTRFS critical (device vdc state E): emergency shutdown
[    3.023357] BTRFS info (device vdc state E): last unmount of filesystem a64e0706-1c63-479c-9dac-a86e1c83cf2a
[    3.074960] BTRFS: device fsid c5dd7f10-07bb-49a6-b9f1-4904ffdf32bf devid 1 transid 8 /dev/vdc (253:32) scanned by mount (624)
[    3.077084] BTRFS info (device vdc): first mount of filesystem c5dd7f10-07bb-49a6-b9f1-4904ffdf32bf
[    3.078366] BTRFS info (device vdc): using crc32c checksum algorithm
[    3.082005] BTRFS info (device vdc): checking UUID tree
[    3.082876] BTRFS info (device vdc): turning on async discard
[    3.083715] BTRFS info (device vdc): enabling free space tree
[   15.422134] BTRFS critical (device vdc state E): emergency shutdown
[   15.426612] BTRFS error (device vdc state E): cow_file_range failed, root=5 inode=1079 start=0 len=65536 cur_offset=0 cur_alloc_size=0: -EIO
[   15.428502] BTRFS error (device vdc state E): failed to run delalloc range, root=5 ino=1079 folio=0 submit_bitmap=0 start=0 len=65536: -EIO
[   15.430259] BTRFS error (device vdc state E): cow_file_range failed, root=5 inode=1080 start=0 len=65536 cur_offset=0 cur_alloc_size=0: -EIO
[   15.432046] BTRFS error (device vdc state E): failed to run delalloc range, root=5 ino=1080 folio=0 submit_bitmap=0 start=0 len=65536: -EIO
[   15.433749] BTRFS error (device vdc state E): cow_file_range failed, root=5 inode=1081 start=0 len=65536 cur_offset=0 cur_alloc_size=0: -EIO
[   15.435478] BTRFS error (device vdc state E): failed to run delalloc range, root=5 ino=1081 folio=0 submit_bitmap=0 start=0 len=65536: -EIO
[   15.437196] BTRFS error (device vdc state E): cow_file_range failed, root=5 inode=1082 start=0 len=65536 cur_offset=0 cur_alloc_size=0: -EIO
[   15.438944] BTRFS error (device vdc state E): failed to run delalloc range, root=5 ino=1082 folio=0 submit_bitmap=0 start=0 len=65536: -EIO
[   15.440677] BTRFS error (device vdc state E): cow_file_range failed, root=5 inode=1083 start=0 len=65536 cur_offset=0 cur_alloc_size=0: -EIO
[   15.442412] BTRFS error (device vdc state E): failed to run delalloc range, root=5 ino=1083 folio=0 submit_bitmap=0 start=0 len=65536: -EIO
[   15.444154] BTRFS error (device vdc state E): cow_file_range failed, root=5 inode=1084 start=0 len=65536 cur_offset=0 cur_alloc_size=0: -EIO
[   15.445859] BTRFS error (device vdc state E): failed to run delalloc range, root=5 ino=1084 folio=0 submit_bitmap=0 start=0 len=65536: -EIO
[   15.447614] BTRFS error (device vdc state E): cow_file_range failed, root=5 inode=1085 start=0 len=65536 cur_offset=0 cur_alloc_size=0: -EIO
[   15.449426] BTRFS error (device vdc state E): failed to run delalloc range, root=5 ino=1085 folio=0 submit_bitmap=0 start=0 len=65536: -EIO
[   15.451213] BTRFS error (device vdc state E): cow_file_range failed, root=5 inode=1086 start=0 len=65536 cur_offset=0 cur_alloc_size=0: -EIO
[   15.452934] BTRFS error (device vdc state E): failed to run delalloc range, root=5 ino=1086 folio=0 submit_bitmap=0 start=0 len=65536: -EIO
[   15.454818] BTRFS error (device vdc state E): cow_file_range failed, root=5 inode=1087 start=0 len=65536 cur_offset=0 cur_alloc_size=0: -EIO
[   15.456546] BTRFS error (device vdc state E): failed to run delalloc range, root=5 ino=1087 folio=0 submit_bitmap=0 start=0 len=65536: -EIO
[   15.458276] BTRFS error (device vdc state E): cow_file_range failed, root=5 inode=1088 start=0 len=65536 cur_offset=0 cur_alloc_size=0: -EIO
[   15.460008] BTRFS error (device vdc state E): failed to run delalloc range, root=5 ino=1088 folio=0 submit_bitmap=0 start=0 len=65536: -EIO
[   15.461748] BTRFS error (device vdc state E): cow_file_range failed, root=5 inode=1089 start=0 len=65536 cur_offset=0 cur_alloc_size=0: -EIO
[   15.463539] BTRFS error (device vdc state E): cow_file_range failed, root=5 inode=1090 start=0 len=65536 cur_offset=0 cur_alloc_size=0: -EIO
[   15.465310] BTRFS error (device vdc state E): cow_file_range failed, root=5 inode=1091 start=0 len=65536 cur_offset=0 cur_alloc_size=0: -EIO
[   15.467081] BTRFS error (device vdc state E): cow_file_range failed, root=5 inode=1092 start=0 len=65536 cur_offset=0 cur_alloc_size=0: -EIO
[   15.468866] BTRFS error (device vdc state E): cow_file_range failed, root=5 inode=1093 start=0 len=65536 cur_offset=0 cur_alloc_size=0: -EIO
[   15.470679] BTRFS error (device vdc state E): cow_file_range failed, root=5 inode=1094 start=0 len=65536 cur_offset=0 cur_alloc_size=0: -EIO
[   15.472527] BTRFS error (device vdc state E): cow_file_range failed, root=5 inode=1095 start=0 len=65536 cur_offset=0 cur_alloc_size=0: -EIO
[   15.474313] BTRFS error (device vdc state E): cow_file_range failed, root=5 inode=1096 start=0 len=65536 cur_offset=0 cur_alloc_size=0: -EIO
[   15.476148] BTRFS error (device vdc state E): cow_file_range failed, root=5 inode=1097 start=0 len=65536 cur_offset=0 cur_alloc_size=0: -EIO
[   15.477930] BTRFS error (device vdc state E): cow_file_range failed, root=5 inode=1098 start=0 len=65536 cur_offset=0 cur_alloc_size=0: -EIO
[   15.479720] BTRFS error (device vdc state E): cow_file_range failed, root=5 inode=1099 start=0 len=65536 cur_offset=0 cur_alloc_size=0: -EIO
[   15.481517] BTRFS error (device vdc state E): cow_file_range failed, root=5 inode=1100 start=0 len=65536 cur_offset=0 cur_alloc_size=0: -EIO
[   15.483333] BTRFS error (device vdc state E): cow_file_range failed, root=5 inode=1101 start=0 len=65536 cur_offset=0 cur_alloc_size=0: -EIO
[   15.485171] BTRFS error (device vdc state E): cow_file_range failed, root=5 inode=1102 start=0 len=65536 cur_offset=0 cur_alloc_size=0: -EIO
[   15.486918] BTRFS error (device vdc state E): cow_file_range failed, root=5 inode=1103 start=0 len=65536 cur_offset=0 cur_alloc_size=0: -EIO
[   15.488736] BTRFS error (device vdc state E): cow_file_range failed, root=5 inode=1104 start=0 len=65536 cur_offset=0 cur_alloc_size=0: -EIO
[   15.490513] BTRFS error (device vdc state E): cow_file_range failed, root=5 inode=1105 start=0 len=65536 cur_offset=0 cur_alloc_size=0: -EIO
[   15.492350] BTRFS error (device vdc state E): cow_file_range failed, root=5 inode=1106 start=0 len=65536 cur_offset=0 cur_alloc_size=0: -EIO
[   15.494155] BTRFS error (device vdc state E): cow_file_range failed, root=5 inode=1107 start=0 len=65536 cur_offset=0 cur_alloc_size=0: -EIO
[   15.495878] BTRFS error (device vdc state E): cow_file_range failed, root=5 inode=1108 start=0 len=65536 cur_offset=0 cur_alloc_size=0: -EIO
[   15.497624] BTRFS error (device vdc state E): cow_file_range failed, root=5 inode=1109 start=0 len=65536 cur_offset=0 cur_alloc_size=0: -EIO
[   15.499402] BTRFS error (device vdc state E): cow_file_range failed, root=5 inode=1110 start=0 len=65536 cur_offset=0 cur_alloc_size=0: -EIO
[   15.501221] BTRFS error (device vdc state E): cow_file_range failed, root=5 inode=1111 start=0 len=65536 cur_offset=0 cur_alloc_size=0: -EIO
[   15.503011] BTRFS error (device vdc state E): cow_file_range failed, root=5 inode=1112 start=0 len=65536 cur_offset=0 cur_alloc_size=0: -EIO
[   15.504779] BTRFS error (device vdc state E): cow_file_range failed, root=5 inode=1113 start=0 len=65536 cur_offset=0 cur_alloc_size=0: -EIO
[   15.506527] BTRFS error (device vdc state E): cow_file_range failed, root=5 inode=1114 start=0 len=65536 cur_offset=0 cur_alloc_size=0: -EIO
[   15.508347] BTRFS error (device vdc state E): cow_file_range failed, root=5 inode=1115 start=0 len=65536 cur_offset=0 cur_alloc_size=0: -EIO
[   15.510121] BTRFS error (device vdc state E): cow_file_range failed, root=5 inode=1116 start=0 len=65536 cur_offset=0 cur_alloc_size=0: -EIO
[   15.511866] BTRFS error (device vdc state E): cow_file_range failed, root=5 inode=1117 start=0 len=65536 cur_offset=0 cur_alloc_size=0: -EIO
[   15.513664] BTRFS error (device vdc state E): cow_file_range failed, root=5 inode=1118 start=0 len=65536 cur_offset=0 cur_alloc_size=0: -EIO
[   15.515426] BTRFS error (device vdc state E): cow_file_range failed, root=5 inode=1119 start=0 len=65536 cur_offset=0 cur_alloc_size=0: -EIO
[   15.517245] BTRFS error (device vdc state E): cow_file_range failed, root=5 inode=1120 start=0 len=65536 cur_offset=0 cur_alloc_size=0: -EIO
[   15.519029] BTRFS error (device vdc state E): cow_file_range failed, root=5 inode=1121 start=0 len=65536 cur_offset=0 cur_alloc_size=0: -EIO
[   15.520798] BTRFS error (device vdc state E): cow_file_range failed, root=5 inode=1122 start=0 len=65536 cur_offset=0 cur_alloc_size=0: -EIO
[   15.522613] BTRFS error (device vdc state E): cow_file_range failed, root=5 inode=1123 start=0 len=65536 cur_offset=0 cur_alloc_size=0: -EIO
[   15.524384] BTRFS error (device vdc state E): cow_file_range failed, root=5 inode=1124 start=0 len=65536 cur_offset=0 cur_alloc_size=0: -EIO
[   15.526165] BTRFS error (device vdc state E): cow_file_range failed, root=5 inode=1125 start=0 len=65536 cur_offset=0 cur_alloc_size=0: -EIO
[   15.527948] BTRFS error (device vdc state E): cow_file_range failed, root=5 inode=1126 start=0 len=65536 cur_offset=0 cur_alloc_size=0: -EIO
[   15.529695] BTRFS error (device vdc state E): cow_file_range failed, root=5 inode=1127 start=0 len=65536 cur_offset=0 cur_alloc_size=0: -EIO
[   15.531592] BTRFS error (device vdc state E): cow_file_range failed, root=5 inode=1128 start=0 len=65536 cur_offset=0 cur_alloc_size=0: -EIO
[   15.533372] BTRFS error (device vdc state E): cow_file_range failed, root=5 inode=1129 start=0 len=65536 cur_offset=0 cur_alloc_size=0: -EIO
[   15.535174] BTRFS error (device vdc state E): cow_file_range failed, root=5 inode=1130 start=0 len=65536 cur_offset=0 cur_alloc_size=0: -EIO
[   15.537022] BTRFS error (device vdc state E): cow_file_range failed, root=5 inode=1131 start=0 len=65536 cur_offset=0 cur_alloc_size=0: -EIO
[   15.538797] BTRFS error (device vdc state E): cow_file_range failed, root=5 inode=1132 start=0 len=65536 cur_offset=0 cur_alloc_size=0: -EIO
[   15.540635] BTRFS error (device vdc state E): cow_file_range failed, root=5 inode=1133 start=0 len=65536 cur_offset=0 cur_alloc_size=0: -EIO
[   15.542387] BTRFS error (device vdc state E): cow_file_range failed, root=5 inode=1134 start=0 len=65536 cur_offset=0 cur_alloc_size=0: -EIO
[   15.544232] BTRFS error (device vdc state E): cow_file_range failed, root=5 inode=1135 start=0 len=65536 cur_offset=0 cur_alloc_size=0: -EIO
[   15.545986] BTRFS error (device vdc state E): cow_file_range failed, root=5 inode=1136 start=0 len=65536 cur_offset=0 cur_alloc_size=0: -EIO
[   15.547787] BTRFS error (device vdc state E): cow_file_range failed, root=5 inode=1137 start=0 len=65536 cur_offset=0 cur_alloc_size=0: -EIO
[   15.549601] BTRFS error (device vdc state E): cow_file_range failed, root=5 inode=1138 start=0 len=65536 cur_offset=0 cur_alloc_size=0: -EIO
[   15.551446] BTRFS error (device vdc state E): cow_file_range failed, root=5 inode=1139 start=0 len=65536 cur_offset=0 cur_alloc_size=0: -EIO
[   15.553234] BTRFS error (device vdc state E): cow_file_range failed, root=5 inode=1140 start=0 len=65536 cur_offset=0 cur_alloc_size=0: -EIO
[   15.555021] BTRFS error (device vdc state E): cow_file_range failed, root=5 inode=1141 start=0 len=65536 cur_offset=0 cur_alloc_size=0: -EIO
[   15.556815] BTRFS error (device vdc state E): cow_file_range failed, root=5 inode=1142 start=0 len=65536 cur_offset=0 cur_alloc_size=0: -EIO
[   15.558608] BTRFS error (device vdc state E): cow_file_range failed, root=5 inode=1143 start=0 len=65536 cur_offset=0 cur_alloc_size=0: -EIO
[   15.560396] BTRFS error (device vdc state E): cow_file_range failed, root=5 inode=1144 start=0 len=65536 cur_offset=0 cur_alloc_size=0: -EIO
[   15.562179] BTRFS error (device vdc state E): cow_file_range failed, root=5 inode=1145 start=0 len=65536 cur_offset=0 cur_alloc_size=0: -EIO
[   15.563994] BTRFS error (device vdc state E): cow_file_range failed, root=5 inode=1146 start=0 len=65536 cur_offset=0 cur_alloc_size=0: -EIO
[   15.565799] BTRFS error (device vdc state E): cow_file_range failed, root=5 inode=1147 start=0 len=65536 cur_offset=0 cur_alloc_size=0: -EIO
[   15.567713] BTRFS error (device vdc state E): cow_file_range failed, root=5 inode=1148 start=0 len=65536 cur_offset=0 cur_alloc_size=0: -EIO
[   15.569503] BTRFS error (device vdc state E): cow_file_range failed, root=5 inode=1149 start=0 len=65536 cur_offset=0 cur_alloc_size=0: -EIO
[   15.571325] BTRFS error (device vdc state E): cow_file_range failed, root=5 inode=1150 start=0 len=65536 cur_offset=0 cur_alloc_size=0: -EIO
[   15.573151] BTRFS error (device vdc state E): cow_file_range failed, root=5 inode=1151 start=0 len=65536 cur_offset=0 cur_alloc_size=0: -EIO
[   15.574958] BTRFS error (device vdc state E): cow_file_range failed, root=5 inode=1152 start=0 len=65536 cur_offset=0 cur_alloc_size=0: -EIO
[   15.576777] BTRFS error (device vdc state E): cow_file_range failed, root=5 inode=1153 start=0 len=65536 cur_offset=0 cur_alloc_size=0: -EIO
[   15.578587] BTRFS error (device vdc state E): cow_file_range failed, root=5 inode=1154 start=0 len=65536 cur_offset=0 cur_alloc_size=0: -EIO
[   15.580424] BTRFS error (device vdc state E): cow_file_range failed, root=5 inode=1155 start=0 len=65536 cur_offset=0 cur_alloc_size=0: -EIO
[   15.582257] BTRFS error (device vdc state E): cow_file_range failed, root=5 inode=1156 start=0 len=65536 cur_offset=0 cur_alloc_size=0: -EIO
[   15.584028] BTRFS error (device vdc state E): cow_file_range failed, root=5 inode=1157 start=0 len=65536 cur_offset=0 cur_alloc_size=0: -EIO
[   15.585866] BTRFS error (device vdc state E): cow_file_range failed, root=5 inode=1158 start=0 len=65536 cur_offset=0 cur_alloc_size=0: -EIO
[   15.587702] BTRFS error (device vdc state E): cow_file_range failed, root=5 inode=1159 start=0 len=65536 cur_offset=0 cur_alloc_size=0: -EIO
[   15.589503] BTRFS error (device vdc state E): cow_file_range failed, root=5 inode=1160 start=0 len=65536 cur_offset=0 cur_alloc_size=0: -EIO
[   15.591287] BTRFS error (device vdc state E): cow_file_range failed, root=5 inode=1161 start=0 len=65536 cur_offset=0 cur_alloc_size=0: -EIO
[   15.593077] BTRFS error (device vdc state E): cow_file_range failed, root=5 inode=1162 start=0 len=65536 cur_offset=0 cur_alloc_size=0: -EIO
[   15.594919] BTRFS error (device vdc state E): cow_file_range failed, root=5 inode=1163 start=0 len=65536 cur_offset=0 cur_alloc_size=0: -EIO
[   15.596771] BTRFS error (device vdc state E): cow_file_range failed, root=5 inode=1164 start=0 len=65536 cur_offset=0 cur_alloc_size=0: -EIO
[   15.598568] BTRFS error (device vdc state E): cow_file_range failed, root=5 inode=1165 start=0 len=65536 cur_offset=0 cur_alloc_size=0: -EIO
[   15.600390] BTRFS error (device vdc state E): cow_file_range failed, root=5 inode=1166 start=0 len=65536 cur_offset=0 cur_alloc_size=0: -EIO
[   15.602181] BTRFS error (device vdc state E): cow_file_range failed, root=5 inode=1167 start=0 len=65536 cur_offset=0 cur_alloc_size=0: -EIO
[   15.603969] BTRFS error (device vdc state E): cow_file_range failed, root=5 inode=1168 start=0 len=65536 cur_offset=0 cur_alloc_size=0: -EIO
[   15.615756] BTRFS info (device vdc state E): last unmount of filesystem c5dd7f10-07bb-49a6-b9f1-4904ffdf32bf
[   15.622252] BTRFS: device fsid c5dd7f10-07bb-49a6-b9f1-4904ffdf32bf devid 1 transid 11 /dev/vdc (253:32) scanned by mount (4648)
[   15.624379] BTRFS info (device vdc): first mount of filesystem c5dd7f10-07bb-49a6-b9f1-4904ffdf32bf
[   15.625689] BTRFS info (device vdc): using crc32c checksum algorithm
[   15.629937] BTRFS info (device vdc): turning on async discard
[   15.630784] BTRFS info (device vdc): enabling free space tree
[   15.633850] BTRFS info (device vdc): last unmount of filesystem c5dd7f10-07bb-49a6-b9f1-4904ffdf32bf
[   15.639575] BTRFS: device fsid c5dd7f10-07bb-49a6-b9f1-4904ffdf32bf devid 1 transid 11 /dev/vdc (253:32) scanned by mount (4668)
[   15.641664] BTRFS info (device vdc): first mount of filesystem c5dd7f10-07bb-49a6-b9f1-4904ffdf32bf
[   15.642984] BTRFS info (device vdc): using crc32c checksum algorithm
[   15.646678] BTRFS info (device vdc): turning on async discard
[   15.647609] BTRFS info (device vdc): enabling free space tree
[   19.442438] BTRFS info (device vdb): last unmount of filesystem beb0a138-b1d6-4409-8c61-9e466f17fab3
[   19.460049] BTRFS info (device vdc): last unmount of filesystem c5dd7f10-07bb-49a6-b9f1-4904ffdf32bf
[   19.468904] BTRFS: device fsid c5dd7f10-07bb-49a6-b9f1-4904ffdf32bf devid 1 transid 15 /dev/vdc (253:32) scanned by mount (17513)
[   19.471104] BTRFS info (device vdc): first mount of filesystem c5dd7f10-07bb-49a6-b9f1-4904ffdf32bf
[   19.472554] BTRFS info (device vdc): using crc32c checksum algorithm
[   19.476318] BTRFS info (device vdc): turning on async discard
[   19.477150] BTRFS info (device vdc): enabling free space tree
[   19.481139] BTRFS info (device vdc): last unmount of filesystem c5dd7f10-07bb-49a6-b9f1-4904ffdf32bf
[   19.505796] run fstests generic/045 at 2026-08-01 03:26:38
[   19.578733] BTRFS: device fsid beb0a138-b1d6-4409-8c61-9e466f17fab3 devid 1 transid 10 /dev/vdb (253:16) scanned by mount (17699)
[   19.581149] BTRFS info (device vdb): first mount of filesystem beb0a138-b1d6-4409-8c61-9e466f17fab3
[   19.582423] BTRFS info (device vdb): using crc32c checksum algorithm
[   19.586151] BTRFS info (device vdb): turning on async discard
[   19.587019] BTRFS info (device vdb): enabling free space tree
[   19.642724] BTRFS: device fsid 9c5c36eb-c6ba-4dd6-9171-59d8231a3c3c devid 1 transid 8 /dev/vdc (253:32) scanned by mount (17749)
[   19.644866] BTRFS info (device vdc): first mount of filesystem 9c5c36eb-c6ba-4dd6-9171-59d8231a3c3c
[   19.646128] BTRFS info (device vdc): using crc32c checksum algorithm
[   19.649956] BTRFS info (device vdc): checking UUID tree
[   19.650857] BTRFS info (device vdc): turning on async discard
[   19.651700] BTRFS info (device vdc): enabling free space tree
[   19.686956] BTRFS critical (device vdc state E): emergency shutdown
[   19.690163] BTRFS info (device vdc state E): last unmount of filesystem 9c5c36eb-c6ba-4dd6-9171-59d8231a3c3c
[   19.741996] BTRFS: device fsid c7c18c32-d0af-4870-b96c-ebc18bfd7fc8 devid 1 transid 8 /dev/vdc (253:32) scanned by mount (17797)
[   19.744171] BTRFS info (device vdc): first mount of filesystem c7c18c32-d0af-4870-b96c-ebc18bfd7fc8
[   19.745464] BTRFS info (device vdc): using crc32c checksum algorithm
[   19.749436] BTRFS info (device vdc): checking UUID tree
[   19.750359] BTRFS info (device vdc): turning on async discard
[   19.751257] BTRFS info (device vdc): enabling free space tree
[   31.970632] BTRFS critical (device vdc state E): emergency shutdown
[   31.975066] _btrfs_printk: 87 callbacks suppressed
[   31.975068] BTRFS error (device vdc state E): cow_file_range failed, root=5 inode=1156 start=0 len=32768 cur_offset=0 cur_alloc_size=0: -EIO
[   31.977601] writepage_delalloc: 167 callbacks suppressed
[   31.977603] BTRFS error (device vdc state E): failed to run delalloc range, root=5 ino=1156 folio=0 submit_bitmap=0 start=0 len=32768: -EIO
[   31.980131] BTRFS error (device vdc state E): cow_file_range failed, root=5 inode=1157 start=0 len=32768 cur_offset=0 cur_alloc_size=0: -EIO
[   31.981866] BTRFS error (device vdc state E): failed to run delalloc range, root=5 ino=1157 folio=0 submit_bitmap=0 start=0 len=32768: -EIO
[   31.983603] BTRFS error (device vdc state E): cow_file_range failed, root=5 inode=1158 start=0 len=32768 cur_offset=0 cur_alloc_size=0: -EIO
[   31.985346] BTRFS error (device vdc state E): failed to run delalloc range, root=5 ino=1158 folio=0 submit_bitmap=0 start=0 len=32768: -EIO
[   31.987073] BTRFS error (device vdc state E): cow_file_range failed, root=5 inode=1159 start=0 len=32768 cur_offset=0 cur_alloc_size=0: -EIO
[   31.988849] BTRFS error (device vdc state E): failed to run delalloc range, root=5 ino=1159 folio=0 submit_bitmap=0 start=0 len=32768: -EIO
[   31.990603] BTRFS error (device vdc state E): cow_file_range failed, root=5 inode=1160 start=0 len=32768 cur_offset=0 cur_alloc_size=0: -EIO
[   31.992443] BTRFS error (device vdc state E): failed to run delalloc range, root=5 ino=1160 folio=0 submit_bitmap=0 start=0 len=32768: -EIO
[   31.994201] BTRFS error (device vdc state E): cow_file_range failed, root=5 inode=1161 start=0 len=32768 cur_offset=0 cur_alloc_size=0: -EIO
[   31.995946] BTRFS error (device vdc state E): failed to run delalloc range, root=5 ino=1161 folio=0 submit_bitmap=0 start=0 len=32768: -EIO
[   31.997674] BTRFS error (device vdc state E): cow_file_range failed, root=5 inode=1162 start=0 len=32768 cur_offset=0 cur_alloc_size=0: -EIO
[   31.999487] BTRFS error (device vdc state E): failed to run delalloc range, root=5 ino=1162 folio=0 submit_bitmap=0 start=0 len=32768: -EIO
[   32.001251] BTRFS error (device vdc state E): cow_file_range failed, root=5 inode=1163 start=0 len=32768 cur_offset=0 cur_alloc_size=0: -EIO
[   32.003018] BTRFS error (device vdc state E): failed to run delalloc range, root=5 ino=1163 folio=0 submit_bitmap=0 start=0 len=32768: -EIO
[   32.004769] BTRFS error (device vdc state E): cow_file_range failed, root=5 inode=1164 start=0 len=32768 cur_offset=0 cur_alloc_size=0: -EIO
[   32.006537] BTRFS error (device vdc state E): failed to run delalloc range, root=5 ino=1164 folio=0 submit_bitmap=0 start=0 len=32768: -EIO
[   32.008311] BTRFS error (device vdc state E): cow_file_range failed, root=5 inode=1165 start=0 len=32768 cur_offset=0 cur_alloc_size=0: -EIO
[   32.010038] BTRFS error (device vdc state E): failed to run delalloc range, root=5 ino=1165 folio=0 submit_bitmap=0 start=0 len=32768: -EIO
[   32.011789] BTRFS error (device vdc state E): cow_file_range failed, root=5 inode=1166 start=0 len=32768 cur_offset=0 cur_alloc_size=0: -EIO
[   32.013603] BTRFS error (device vdc state E): cow_file_range failed, root=5 inode=1167 start=0 len=32768 cur_offset=0 cur_alloc_size=0: -EIO
[   32.015366] BTRFS error (device vdc state E): cow_file_range failed, root=5 inode=1168 start=0 len=32768 cur_offset=0 cur_alloc_size=0: -EIO
[   32.017151] BTRFS error (device vdc state E): cow_file_range failed, root=5 inode=1169 start=0 len=32768 cur_offset=0 cur_alloc_size=0: -EIO
[   32.018924] BTRFS error (device vdc state E): cow_file_range failed, root=5 inode=1170 start=0 len=32768 cur_offset=0 cur_alloc_size=0: -EIO
[   32.020719] BTRFS error (device vdc state E): cow_file_range failed, root=5 inode=1171 start=0 len=32768 cur_offset=0 cur_alloc_size=0: -EIO
[   32.022582] BTRFS error (device vdc state E): cow_file_range failed, root=5 inode=1172 start=0 len=32768 cur_offset=0 cur_alloc_size=0: -EIO
[   32.024375] BTRFS error (device vdc state E): cow_file_range failed, root=5 inode=1173 start=0 len=32768 cur_offset=0 cur_alloc_size=0: -EIO
[   32.026131] BTRFS error (device vdc state E): cow_file_range failed, root=5 inode=1174 start=0 len=32768 cur_offset=0 cur_alloc_size=0: -EIO
[   32.027912] BTRFS error (device vdc state E): cow_file_range failed, root=5 inode=1175 start=0 len=32768 cur_offset=0 cur_alloc_size=0: -EIO
[   32.029664] BTRFS error (device vdc state E): cow_file_range failed, root=5 inode=1176 start=0 len=32768 cur_offset=0 cur_alloc_size=0: -EIO
[   32.031483] BTRFS error (device vdc state E): cow_file_range failed, root=5 inode=1177 start=0 len=32768 cur_offset=0 cur_alloc_size=0: -EIO
[   32.033249] BTRFS error (device vdc state E): cow_file_range failed, root=5 inode=1178 start=0 len=32768 cur_offset=0 cur_alloc_size=0: -EIO
[   32.035026] BTRFS error (device vdc state E): cow_file_range failed, root=5 inode=1179 start=0 len=32768 cur_offset=0 cur_alloc_size=0: -EIO
[   32.036822] BTRFS error (device vdc state E): cow_file_range failed, root=5 inode=1180 start=0 len=32768 cur_offset=0 cur_alloc_size=0: -EIO
[   32.038616] BTRFS error (device vdc state E): cow_file_range failed, root=5 inode=1181 start=0 len=32768 cur_offset=0 cur_alloc_size=0: -EIO
[   32.040429] BTRFS error (device vdc state E): cow_file_range failed, root=5 inode=1182 start=0 len=32768 cur_offset=0 cur_alloc_size=0: -EIO
[   32.042186] BTRFS error (device vdc state E): cow_file_range failed, root=5 inode=1183 start=0 len=32768 cur_offset=0 cur_alloc_size=0: -EIO
[   32.043973] BTRFS error (device vdc state E): cow_file_range failed, root=5 inode=1184 start=0 len=32768 cur_offset=0 cur_alloc_size=0: -EIO
[   32.045736] BTRFS error (device vdc state E): cow_file_range failed, root=5 inode=1185 start=0 len=32768 cur_offset=0 cur_alloc_size=0: -EIO
[   32.047526] BTRFS error (device vdc state E): cow_file_range failed, root=5 inode=1186 start=0 len=32768 cur_offset=0 cur_alloc_size=0: -EIO
[   32.049330] BTRFS error (device vdc state E): cow_file_range failed, root=5 inode=1187 start=0 len=32768 cur_offset=0 cur_alloc_size=0: -EIO
[   32.051094] BTRFS error (device vdc state E): cow_file_range failed, root=5 inode=1188 start=0 len=32768 cur_offset=0 cur_alloc_size=0: -EIO
[   32.052941] BTRFS error (device vdc state E): cow_file_range failed, root=5 inode=1189 start=0 len=32768 cur_offset=0 cur_alloc_size=0: -EIO
[   32.054714] BTRFS error (device vdc state E): cow_file_range failed, root=5 inode=1190 start=0 len=32768 cur_offset=0 cur_alloc_size=0: -EIO
[   32.056503] BTRFS error (device vdc state E): cow_file_range failed, root=5 inode=1191 start=0 len=32768 cur_offset=0 cur_alloc_size=0: -EIO
[   32.058280] BTRFS error (device vdc state E): cow_file_range failed, root=5 inode=1192 start=0 len=32768 cur_offset=0 cur_alloc_size=0: -EIO
[   32.060040] BTRFS error (device vdc state E): cow_file_range failed, root=5 inode=1193 start=0 len=32768 cur_offset=0 cur_alloc_size=0: -EIO
[   32.061901] BTRFS error (device vdc state E): cow_file_range failed, root=5 inode=1194 start=0 len=32768 cur_offset=0 cur_alloc_size=0: -EIO
[   32.063670] BTRFS error (device vdc state E): cow_file_range failed, root=5 inode=1195 start=0 len=32768 cur_offset=0 cur_alloc_size=0: -EIO
[   32.065448] BTRFS error (device vdc state E): cow_file_range failed, root=5 inode=1196 start=0 len=32768 cur_offset=0 cur_alloc_size=0: -EIO
[   32.067285] BTRFS error (device vdc state E): cow_file_range failed, root=5 inode=1197 start=0 len=32768 cur_offset=0 cur_alloc_size=0: -EIO
[   32.069063] BTRFS error (device vdc state E): cow_file_range failed, root=5 inode=1198 start=0 len=32768 cur_offset=0 cur_alloc_size=0: -EIO
[   32.070856] BTRFS error (device vdc state E): cow_file_range failed, root=5 inode=1199 start=0 len=32768 cur_offset=0 cur_alloc_size=0: -EIO
[   32.072653] BTRFS error (device vdc state E): cow_file_range failed, root=5 inode=1200 start=0 len=32768 cur_offset=0 cur_alloc_size=0: -EIO
[   32.074427] BTRFS error (device vdc state E): cow_file_range failed, root=5 inode=1201 start=0 len=32768 cur_offset=0 cur_alloc_size=0: -EIO
[   32.076269] BTRFS error (device vdc state E): cow_file_range failed, root=5 inode=1202 start=0 len=32768 cur_offset=0 cur_alloc_size=0: -EIO
[   32.078052] BTRFS error (device vdc state E): cow_file_range failed, root=5 inode=1203 start=0 len=32768 cur_offset=0 cur_alloc_size=0: -EIO
[   32.079873] BTRFS error (device vdc state E): cow_file_range failed, root=5 inode=1204 start=0 len=32768 cur_offset=0 cur_alloc_size=0: -EIO
[   32.081652] BTRFS error (device vdc state E): cow_file_range failed, root=5 inode=1205 start=0 len=32768 cur_offset=0 cur_alloc_size=0: -EIO
[   32.083433] BTRFS error (device vdc state E): cow_file_range failed, root=5 inode=1206 start=0 len=32768 cur_offset=0 cur_alloc_size=0: -EIO
[   32.085257] BTRFS error (device vdc state E): cow_file_range failed, root=5 inode=1207 start=0 len=32768 cur_offset=0 cur_alloc_size=0: -EIO
[   32.087020] BTRFS error (device vdc state E): cow_file_range failed, root=5 inode=1208 start=0 len=32768 cur_offset=0 cur_alloc_size=0: -EIO
[   32.088799] BTRFS error (device vdc state E): cow_file_range failed, root=5 inode=1209 start=0 len=32768 cur_offset=0 cur_alloc_size=0: -EIO
[   32.090624] BTRFS error (device vdc state E): cow_file_range failed, root=5 inode=1210 start=0 len=32768 cur_offset=0 cur_alloc_size=0: -EIO
[   32.092398] BTRFS error (device vdc state E): cow_file_range failed, root=5 inode=1211 start=0 len=32768 cur_offset=0 cur_alloc_size=0: -EIO
[   32.094213] BTRFS error (device vdc state E): cow_file_range failed, root=5 inode=1212 start=0 len=32768 cur_offset=0 cur_alloc_size=0: -EIO
[   32.096030] BTRFS error (device vdc state E): cow_file_range failed, root=5 inode=1213 start=0 len=32768 cur_offset=0 cur_alloc_size=0: -EIO
[   32.097788] BTRFS error (device vdc state E): cow_file_range failed, root=5 inode=1214 start=0 len=32768 cur_offset=0 cur_alloc_size=0: -EIO
[   32.099631] BTRFS error (device vdc state E): cow_file_range failed, root=5 inode=1215 start=0 len=32768 cur_offset=0 cur_alloc_size=0: -EIO
[   32.101393] BTRFS error (device vdc state E): cow_file_range failed, root=5 inode=1216 start=0 len=32768 cur_offset=0 cur_alloc_size=0: -EIO
[   32.103175] BTRFS error (device vdc state E): cow_file_range failed, root=5 inode=1217 start=0 len=32768 cur_offset=0 cur_alloc_size=0: -EIO
[   32.104964] BTRFS error (device vdc state E): cow_file_range failed, root=5 inode=1218 start=0 len=32768 cur_offset=0 cur_alloc_size=0: -EIO
[   32.106723] BTRFS error (device vdc state E): cow_file_range failed, root=5 inode=1219 start=0 len=32768 cur_offset=0 cur_alloc_size=0: -EIO
[   32.108540] BTRFS error (device vdc state E): cow_file_range failed, root=5 inode=1220 start=0 len=32768 cur_offset=0 cur_alloc_size=0: -EIO
[   32.110306] BTRFS error (device vdc state E): cow_file_range failed, root=5 inode=1221 start=0 len=32768 cur_offset=0 cur_alloc_size=0: -EIO
[   32.112149] BTRFS error (device vdc state E): cow_file_range failed, root=5 inode=1222 start=0 len=32768 cur_offset=0 cur_alloc_size=0: -EIO
[   32.113928] BTRFS error (device vdc state E): cow_file_range failed, root=5 inode=1223 start=0 len=32768 cur_offset=0 cur_alloc_size=0: -EIO
[   32.115723] BTRFS error (device vdc state E): cow_file_range failed, root=5 inode=1224 start=0 len=32768 cur_offset=0 cur_alloc_size=0: -EIO
[   32.117525] BTRFS error (device vdc state E): cow_file_range failed, root=5 inode=1225 start=0 len=32768 cur_offset=0 cur_alloc_size=0: -EIO
[   32.119319] BTRFS error (device vdc state E): cow_file_range failed, root=5 inode=1226 start=0 len=32768 cur_offset=0 cur_alloc_size=0: -EIO
[   32.121109] BTRFS error (device vdc state E): cow_file_range failed, root=5 inode=1227 start=0 len=32768 cur_offset=0 cur_alloc_size=0: -EIO
[   32.122885] BTRFS error (device vdc state E): cow_file_range failed, root=5 inode=1228 start=0 len=32768 cur_offset=0 cur_alloc_size=0: -EIO
[   32.124721] BTRFS error (device vdc state E): cow_file_range failed, root=5 inode=1229 start=0 len=32768 cur_offset=0 cur_alloc_size=0: -EIO
[   32.126575] BTRFS error (device vdc state E): cow_file_range failed, root=5 inode=1230 start=0 len=32768 cur_offset=0 cur_alloc_size=0: -EIO
[   32.128352] BTRFS error (device vdc state E): cow_file_range failed, root=5 inode=1231 start=0 len=32768 cur_offset=0 cur_alloc_size=0: -EIO
[   32.130136] BTRFS error (device vdc state E): cow_file_range failed, root=5 inode=1232 start=0 len=32768 cur_offset=0 cur_alloc_size=0: -EIO
[   32.131925] BTRFS error (device vdc state E): cow_file_range failed, root=5 inode=1233 start=0 len=32768 cur_offset=0 cur_alloc_size=0: -EIO
[   32.134047] BTRFS error (device vdc state E): cow_file_range failed, root=5 inode=1234 start=0 len=32768 cur_offset=0 cur_alloc_size=0: -EIO
[   32.135876] BTRFS error (device vdc state E): cow_file_range failed, root=5 inode=1235 start=0 len=32768 cur_offset=0 cur_alloc_size=0: -EIO
[   32.137630] BTRFS error (device vdc state E): cow_file_range failed, root=5 inode=1236 start=0 len=32768 cur_offset=0 cur_alloc_size=0: -EIO
[   32.139430] BTRFS error (device vdc state E): cow_file_range failed, root=5 inode=1237 start=0 len=32768 cur_offset=0 cur_alloc_size=0: -EIO
[   32.141324] BTRFS error (device vdc state E): cow_file_range failed, root=5 inode=1238 start=0 len=32768 cur_offset=0 cur_alloc_size=0: -EIO
[   32.143292] BTRFS error (device vdc state E): cow_file_range failed, root=5 inode=1239 start=0 len=32768 cur_offset=0 cur_alloc_size=0: -EIO
[   32.145074] BTRFS error (device vdc state E): cow_file_range failed, root=5 inode=1240 start=0 len=32768 cur_offset=0 cur_alloc_size=0: -EIO
[   32.146899] BTRFS error (device vdc state E): cow_file_range failed, root=5 inode=1241 start=0 len=32768 cur_offset=0 cur_alloc_size=0: -EIO
[   32.148712] BTRFS error (device vdc state E): cow_file_range failed, root=5 inode=1242 start=0 len=32768 cur_offset=0 cur_alloc_size=0: -EIO
[   32.150478] BTRFS error (device vdc state E): cow_file_range failed, root=5 inode=1243 start=0 len=32768 cur_offset=0 cur_alloc_size=0: -EIO
[   32.152283] BTRFS error (device vdc state E): cow_file_range failed, root=5 inode=1244 start=0 len=32768 cur_offset=0 cur_alloc_size=0: -EIO
[   32.154034] BTRFS error (device vdc state E): cow_file_range failed, root=5 inode=1245 start=0 len=32768 cur_offset=0 cur_alloc_size=0: -EIO
[   32.161180] BTRFS info (device vdc state E): last unmount of filesystem c7c18c32-d0af-4870-b96c-ebc18bfd7fc8
[   32.167734] BTRFS: device fsid c7c18c32-d0af-4870-b96c-ebc18bfd7fc8 devid 1 transid 11 /dev/vdc (253:32) scanned by mount (21816)
[   32.169786] BTRFS info (device vdc): first mount of filesystem c7c18c32-d0af-4870-b96c-ebc18bfd7fc8
[   32.171446] BTRFS info (device vdc): using crc32c checksum algorithm
[   32.175558] BTRFS info (device vdc): turning on async discard
[   32.176402] BTRFS info (device vdc): enabling free space tree
[   32.179740] BTRFS info (device vdc): last unmount of filesystem c7c18c32-d0af-4870-b96c-ebc18bfd7fc8
[   32.184876] BTRFS: device fsid c7c18c32-d0af-4870-b96c-ebc18bfd7fc8 devid 1 transid 11 /dev/vdc (253:32) scanned by mount (21836)
[   32.187422] BTRFS info (device vdc): first mount of filesystem c7c18c32-d0af-4870-b96c-ebc18bfd7fc8
[   32.188779] BTRFS info (device vdc): using crc32c checksum algorithm
[   32.192751] BTRFS info (device vdc): turning on async discard
[   32.193658] BTRFS info (device vdc): enabling free space tree
[   36.086571] BTRFS info (device vdb): last unmount of filesystem beb0a138-b1d6-4409-8c61-9e466f17fab3
[   36.100711] BTRFS info (device vdc): last unmount of filesystem c7c18c32-d0af-4870-b96c-ebc18bfd7fc8
[   36.109313] BTRFS: device fsid c7c18c32-d0af-4870-b96c-ebc18bfd7fc8 devid 1 transid 15 /dev/vdc (253:32) scanned by mount (2290)
[   36.111811] BTRFS info (device vdc): first mount of filesystem c7c18c32-d0af-4870-b96c-ebc18bfd7fc8
[   36.113210] BTRFS info (device vdc): using crc32c checksum algorithm
[   36.117242] BTRFS info (device vdc): turning on async discard
[   36.118191] BTRFS info (device vdc): enabling free space tree
[   36.122060] BTRFS info (device vdc): last unmount of filesystem c7c18c32-d0af-4870-b96c-ebc18bfd7fc8
[   36.145772] run fstests generic/046 at 2026-08-01 03:26:55
[   36.222697] BTRFS: device fsid beb0a138-b1d6-4409-8c61-9e466f17fab3 devid 1 transid 11 /dev/vdb (253:16) scanned by mount (2476)
[   36.225088] BTRFS info (device vdb): first mount of filesystem beb0a138-b1d6-4409-8c61-9e466f17fab3
[   36.226630] BTRFS info (device vdb): using crc32c checksum algorithm
[   36.230591] BTRFS info (device vdb): turning on async discard
[   36.231577] BTRFS info (device vdb): enabling free space tree
[   36.289392] BTRFS: device fsid df68d9ae-634c-45d7-a8f4-c0e986308ab7 devid 1 transid 8 /dev/vdc (253:32) scanned by mount (2526)
[   36.291645] BTRFS info (device vdc): first mount of filesystem df68d9ae-634c-45d7-a8f4-c0e986308ab7
[   36.293043] BTRFS info (device vdc): using crc32c checksum algorithm
[   36.297139] BTRFS info (device vdc): checking UUID tree
[   36.298127] BTRFS info (device vdc): turning on async discard
[   36.299087] BTRFS info (device vdc): enabling free space tree
[   36.325993] BTRFS critical (device vdc state E): emergency shutdown
[   36.329570] BTRFS info (device vdc state E): last unmount of filesystem df68d9ae-634c-45d7-a8f4-c0e986308ab7
[   36.381228] BTRFS: device fsid 5a57fab6-3748-417d-89d3-4d7317e7dc65 devid 1 transid 8 /dev/vdc (253:32) scanned by mount (2574)
[   36.383409] BTRFS info (device vdc): first mount of filesystem 5a57fab6-3748-417d-89d3-4d7317e7dc65
[   36.384842] BTRFS info (device vdc): using crc32c checksum algorithm
[   36.388906] BTRFS info (device vdc): checking UUID tree
[   36.389868] BTRFS info (device vdc): turning on async discard
[   36.390728] BTRFS info (device vdc): enabling free space tree
[   48.544620] BTRFS critical (device vdc state E): emergency shutdown
[   48.549152] _btrfs_printk: 10 callbacks suppressed
[   48.549154] BTRFS error (device vdc state E): cow_file_range failed, root=5 inode=1155 start=0 len=32768 cur_offset=0 cur_alloc_size=0: -EIO
[   48.551880] writepage_delalloc: 90 callbacks suppressed
[   48.551882] BTRFS error (device vdc state E): failed to run delalloc range, root=5 ino=1155 folio=0 submit_bitmap=0 start=0 len=32768: -EIO
[   48.554609] BTRFS error (device vdc state E): cow_file_range failed, root=5 inode=1156 start=0 len=32768 cur_offset=0 cur_alloc_size=0: -EIO
[   48.556534] BTRFS error (device vdc state E): failed to run delalloc range, root=5 ino=1156 folio=0 submit_bitmap=0 start=0 len=32768: -EIO
[   48.558386] BTRFS error (device vdc state E): cow_file_range failed, root=5 inode=1157 start=0 len=32768 cur_offset=0 cur_alloc_size=0: -EIO
[   48.560160] BTRFS error (device vdc state E): failed to run delalloc range, root=5 ino=1157 folio=0 submit_bitmap=0 start=0 len=32768: -EIO
[   48.561876] BTRFS error (device vdc state E): cow_file_range failed, root=5 inode=1158 start=0 len=32768 cur_offset=0 cur_alloc_size=0: -EIO
[   48.563635] BTRFS error (device vdc state E): failed to run delalloc range, root=5 ino=1158 folio=0 submit_bitmap=0 start=0 len=32768: -EIO
[   48.565335] BTRFS error (device vdc state E): cow_file_range failed, root=5 inode=1159 start=0 len=32768 cur_offset=0 cur_alloc_size=0: -EIO
[   48.567063] BTRFS error (device vdc state E): failed to run delalloc range, root=5 ino=1159 folio=0 submit_bitmap=0 start=0 len=32768: -EIO
[   48.568817] BTRFS error (device vdc state E): cow_file_range failed, root=5 inode=1160 start=0 len=32768 cur_offset=0 cur_alloc_size=0: -EIO
[   48.570633] BTRFS error (device vdc state E): failed to run delalloc range, root=5 ino=1160 folio=0 submit_bitmap=0 start=0 len=32768: -EIO
[   48.572480] BTRFS error (device vdc state E): cow_file_range failed, root=5 inode=1161 start=0 len=32768 cur_offset=0 cur_alloc_size=0: -EIO
[   48.574320] BTRFS error (device vdc state E): failed to run delalloc range, root=5 ino=1161 folio=0 submit_bitmap=0 start=0 len=32768: -EIO
[   48.576204] BTRFS error (device vdc state E): cow_file_range failed, root=5 inode=1162 start=0 len=32768 cur_offset=0 cur_alloc_size=0: -EIO
[   48.578228] BTRFS error (device vdc state E): failed to run delalloc range, root=5 ino=1162 folio=0 submit_bitmap=0 start=0 len=32768: -EIO
[   48.580259] BTRFS error (device vdc state E): cow_file_range failed, root=5 inode=1163 start=0 len=32768 cur_offset=0 cur_alloc_size=0: -EIO
[   48.582259] BTRFS error (device vdc state E): failed to run delalloc range, root=5 ino=1163 folio=0 submit_bitmap=0 start=0 len=32768: -EIO
[   48.584265] BTRFS error (device vdc state E): cow_file_range failed, root=5 inode=1164 start=0 len=32768 cur_offset=0 cur_alloc_size=0: -EIO
[   48.586247] BTRFS error (device vdc state E): failed to run delalloc range, root=5 ino=1164 folio=0 submit_bitmap=0 start=0 len=32768: -EIO
[   48.588177] BTRFS error (device vdc state E): cow_file_range failed, root=5 inode=1165 start=0 len=32768 cur_offset=0 cur_alloc_size=0: -EIO
[   48.590099] BTRFS error (device vdc state E): cow_file_range failed, root=5 inode=1166 start=0 len=32768 cur_offset=0 cur_alloc_size=0: -EIO
[   48.592100] BTRFS error (device vdc state E): cow_file_range failed, root=5 inode=1167 start=0 len=32768 cur_offset=0 cur_alloc_size=0: -EIO
[   48.594023] BTRFS error (device vdc state E): cow_file_range failed, root=5 inode=1168 start=0 len=32768 cur_offset=0 cur_alloc_size=0: -EIO
[   48.595997] BTRFS error (device vdc state E): cow_file_range failed, root=5 inode=1169 start=0 len=32768 cur_offset=0 cur_alloc_size=0: -EIO
[   48.597875] BTRFS error (device vdc state E): cow_file_range failed, root=5 inode=1170 start=0 len=32768 cur_offset=0 cur_alloc_size=0: -EIO
[   48.599793] BTRFS error (device vdc state E): cow_file_range failed, root=5 inode=1171 start=0 len=32768 cur_offset=0 cur_alloc_size=0: -EIO
[   48.601753] BTRFS error (device vdc state E): cow_file_range failed, root=5 inode=1172 start=0 len=32768 cur_offset=0 cur_alloc_size=0: -EIO
[   48.603687] BTRFS error (device vdc state E): cow_file_range failed, root=5 inode=1173 start=0 len=32768 cur_offset=0 cur_alloc_size=0: -EIO
[   48.605579] BTRFS error (device vdc state E): cow_file_range failed, root=5 inode=1174 start=0 len=32768 cur_offset=0 cur_alloc_size=0: -EIO
[   48.607438] BTRFS error (device vdc state E): cow_file_range failed, root=5 inode=1175 start=0 len=32768 cur_offset=0 cur_alloc_size=0: -EIO
[   48.609255] BTRFS error (device vdc state E): cow_file_range failed, root=5 inode=1176 start=0 len=32768 cur_offset=0 cur_alloc_size=0: -EIO
[   48.611040] BTRFS error (device vdc state E): cow_file_range failed, root=5 inode=1177 start=0 len=32768 cur_offset=0 cur_alloc_size=0: -EIO
[   48.612975] BTRFS error (device vdc state E): cow_file_range failed, root=5 inode=1178 start=0 len=32768 cur_offset=0 cur_alloc_size=0: -EIO
[   48.614884] BTRFS error (device vdc state E): cow_file_range failed, root=5 inode=1179 start=0 len=32768 cur_offset=0 cur_alloc_size=0: -EIO
[   48.616686] BTRFS error (device vdc state E): cow_file_range failed, root=5 inode=1180 start=0 len=32768 cur_offset=0 cur_alloc_size=0: -EIO
[   48.618442] BTRFS error (device vdc state E): cow_file_range failed, root=5 inode=1181 start=0 len=32768 cur_offset=0 cur_alloc_size=0: -EIO
[   48.620232] BTRFS error (device vdc state E): cow_file_range failed, root=5 inode=1182 start=0 len=32768 cur_offset=0 cur_alloc_size=0: -EIO
[   48.622013] BTRFS error (device vdc state E): cow_file_range failed, root=5 inode=1183 start=0 len=32768 cur_offset=0 cur_alloc_size=0: -EIO
[   48.623865] BTRFS error (device vdc state E): cow_file_range failed, root=5 inode=1184 start=0 len=32768 cur_offset=0 cur_alloc_size=0: -EIO
[   48.625653] BTRFS error (device vdc state E): cow_file_range failed, root=5 inode=1185 start=0 len=32768 cur_offset=0 cur_alloc_size=0: -EIO
[   48.627455] BTRFS error (device vdc state E): cow_file_range failed, root=5 inode=1186 start=0 len=32768 cur_offset=0 cur_alloc_size=0: -EIO
[   48.629269] BTRFS error (device vdc state E): cow_file_range failed, root=5 inode=1187 start=0 len=32768 cur_offset=0 cur_alloc_size=0: -EIO
[   48.631068] BTRFS error (device vdc state E): cow_file_range failed, root=5 inode=1188 start=0 len=32768 cur_offset=0 cur_alloc_size=0: -EIO
[   48.632922] BTRFS error (device vdc state E): cow_file_range failed, root=5 inode=1189 start=0 len=32768 cur_offset=0 cur_alloc_size=0: -EIO
[   48.634700] BTRFS error (device vdc state E): cow_file_range failed, root=5 inode=1190 start=0 len=32768 cur_offset=0 cur_alloc_size=0: -EIO
[   48.636473] BTRFS error (device vdc state E): cow_file_range failed, root=5 inode=1191 start=0 len=32768 cur_offset=0 cur_alloc_size=0: -EIO
[   48.638251] BTRFS error (device vdc state E): cow_file_range failed, root=5 inode=1192 start=0 len=32768 cur_offset=0 cur_alloc_size=0: -EIO
[   48.640030] BTRFS error (device vdc state E): cow_file_range failed, root=5 inode=1193 start=0 len=32768 cur_offset=0 cur_alloc_size=0: -EIO
[   48.641815] BTRFS error (device vdc state E): cow_file_range failed, root=5 inode=1194 start=0 len=32768 cur_offset=0 cur_alloc_size=0: -EIO
[   48.643601] BTRFS error (device vdc state E): cow_file_range failed, root=5 inode=1195 start=0 len=32768 cur_offset=0 cur_alloc_size=0: -EIO
[   48.645362] BTRFS error (device vdc state E): cow_file_range failed, root=5 inode=1196 start=0 len=32768 cur_offset=0 cur_alloc_size=0: -EIO
[   48.647177] BTRFS error (device vdc state E): cow_file_range failed, root=5 inode=1197 start=0 len=32768 cur_offset=0 cur_alloc_size=0: -EIO
[   48.648949] BTRFS error (device vdc state E): cow_file_range failed, root=5 inode=1198 start=0 len=32768 cur_offset=0 cur_alloc_size=0: -EIO
[   48.650717] BTRFS error (device vdc state E): cow_file_range failed, root=5 inode=1199 start=0 len=32768 cur_offset=0 cur_alloc_size=0: -EIO
[   48.652515] BTRFS error (device vdc state E): cow_file_range failed, root=5 inode=1200 start=0 len=32768 cur_offset=0 cur_alloc_size=0: -EIO
[   48.654280] BTRFS error (device vdc state E): cow_file_range failed, root=5 inode=1201 start=0 len=32768 cur_offset=0 cur_alloc_size=0: -EIO
[   48.656099] BTRFS error (device vdc state E): cow_file_range failed, root=5 inode=1202 start=0 len=32768 cur_offset=0 cur_alloc_size=0: -EIO
[   48.657903] BTRFS error (device vdc state E): cow_file_range failed, root=5 inode=1203 start=0 len=32768 cur_offset=0 cur_alloc_size=0: -EIO
[   48.659674] BTRFS error (device vdc state E): cow_file_range failed, root=5 inode=1204 start=0 len=32768 cur_offset=0 cur_alloc_size=0: -EIO
[   48.661461] BTRFS error (device vdc state E): cow_file_range failed, root=5 inode=1205 start=0 len=32768 cur_offset=0 cur_alloc_size=0: -EIO
[   48.663323] BTRFS error (device vdc state E): cow_file_range failed, root=5 inode=1206 start=0 len=32768 cur_offset=0 cur_alloc_size=0: -EIO
[   48.665121] BTRFS error (device vdc state E): cow_file_range failed, root=5 inode=1207 start=0 len=32768 cur_offset=0 cur_alloc_size=0: -EIO
[   48.666894] BTRFS error (device vdc state E): cow_file_range failed, root=5 inode=1208 start=0 len=32768 cur_offset=0 cur_alloc_size=0: -EIO
[   48.668670] BTRFS error (device vdc state E): cow_file_range failed, root=5 inode=1209 start=0 len=32768 cur_offset=0 cur_alloc_size=0: -EIO
[   48.670449] BTRFS error (device vdc state E): cow_file_range failed, root=5 inode=1210 start=0 len=32768 cur_offset=0 cur_alloc_size=0: -EIO
[   48.672284] BTRFS error (device vdc state E): cow_file_range failed, root=5 inode=1211 start=0 len=32768 cur_offset=0 cur_alloc_size=0: -EIO
[   48.674047] BTRFS error (device vdc state E): cow_file_range failed, root=5 inode=1212 start=0 len=32768 cur_offset=0 cur_alloc_size=0: -EIO
[   48.675858] BTRFS error (device vdc state E): cow_file_range failed, root=5 inode=1213 start=0 len=32768 cur_offset=0 cur_alloc_size=0: -EIO
[   48.677620] BTRFS error (device vdc state E): cow_file_range failed, root=5 inode=1214 start=0 len=32768 cur_offset=0 cur_alloc_size=0: -EIO
[   48.679468] BTRFS error (device vdc state E): cow_file_range failed, root=5 inode=1215 start=0 len=32768 cur_offset=0 cur_alloc_size=0: -EIO
[   48.681242] BTRFS error (device vdc state E): cow_file_range failed, root=5 inode=1216 start=0 len=32768 cur_offset=0 cur_alloc_size=0: -EIO
[   48.683025] BTRFS error (device vdc state E): cow_file_range failed, root=5 inode=1217 start=0 len=32768 cur_offset=0 cur_alloc_size=0: -EIO
[   48.684805] BTRFS error (device vdc state E): cow_file_range failed, root=5 inode=1218 start=0 len=32768 cur_offset=0 cur_alloc_size=0: -EIO
[   48.686586] BTRFS error (device vdc state E): cow_file_range failed, root=5 inode=1219 start=0 len=32768 cur_offset=0 cur_alloc_size=0: -EIO
[   48.688384] BTRFS error (device vdc state E): cow_file_range failed, root=5 inode=1220 start=0 len=32768 cur_offset=0 cur_alloc_size=0: -EIO
[   48.690164] BTRFS error (device vdc state E): cow_file_range failed, root=5 inode=1221 start=0 len=32768 cur_offset=0 cur_alloc_size=0: -EIO
[   48.691959] BTRFS error (device vdc state E): cow_file_range failed, root=5 inode=1222 start=0 len=32768 cur_offset=0 cur_alloc_size=0: -EIO
[   48.693724] BTRFS error (device vdc state E): cow_file_range failed, root=5 inode=1223 start=0 len=32768 cur_offset=0 cur_alloc_size=0: -EIO
[   48.695585] BTRFS error (device vdc state E): cow_file_range failed, root=5 inode=1224 start=0 len=32768 cur_offset=0 cur_alloc_size=0: -EIO
[   48.697368] BTRFS error (device vdc state E): cow_file_range failed, root=5 inode=1225 start=0 len=32768 cur_offset=0 cur_alloc_size=0: -EIO
[   48.699132] BTRFS error (device vdc state E): cow_file_range failed, root=5 inode=1226 start=0 len=32768 cur_offset=0 cur_alloc_size=0: -EIO
[   48.700928] BTRFS error (device vdc state E): cow_file_range failed, root=5 inode=1227 start=0 len=32768 cur_offset=0 cur_alloc_size=0: -EIO
[   48.702709] BTRFS error (device vdc state E): cow_file_range failed, root=5 inode=1228 start=0 len=32768 cur_offset=0 cur_alloc_size=0: -EIO
[   48.704493] BTRFS error (device vdc state E): cow_file_range failed, root=5 inode=1229 start=0 len=32768 cur_offset=0 cur_alloc_size=0: -EIO
[   48.706251] BTRFS error (device vdc state E): cow_file_range failed, root=5 inode=1230 start=0 len=32768 cur_offset=0 cur_alloc_size=0: -EIO
[   48.708043] BTRFS error (device vdc state E): cow_file_range failed, root=5 inode=1231 start=0 len=32768 cur_offset=0 cur_alloc_size=0: -EIO
[   48.709805] BTRFS error (device vdc state E): cow_file_range failed, root=5 inode=1232 start=0 len=32768 cur_offset=0 cur_alloc_size=0: -EIO
[   48.711645] BTRFS error (device vdc state E): cow_file_range failed, root=5 inode=1233 start=0 len=32768 cur_offset=0 cur_alloc_size=0: -EIO
[   48.713422] BTRFS error (device vdc state E): cow_file_range failed, root=5 inode=1234 start=0 len=32768 cur_offset=0 cur_alloc_size=0: -EIO
[   48.715215] BTRFS error (device vdc state E): cow_file_range failed, root=5 inode=1235 start=0 len=32768 cur_offset=0 cur_alloc_size=0: -EIO
[   48.717059] BTRFS error (device vdc state E): cow_file_range failed, root=5 inode=1236 start=0 len=32768 cur_offset=0 cur_alloc_size=0: -EIO
[   48.718807] BTRFS error (device vdc state E): cow_file_range failed, root=5 inode=1237 start=0 len=32768 cur_offset=0 cur_alloc_size=0: -EIO
[   48.720638] BTRFS error (device vdc state E): cow_file_range failed, root=5 inode=1238 start=0 len=32768 cur_offset=0 cur_alloc_size=0: -EIO
[   48.722417] BTRFS error (device vdc state E): cow_file_range failed, root=5 inode=1239 start=0 len=32768 cur_offset=0 cur_alloc_size=0: -EIO
[   48.724193] BTRFS error (device vdc state E): cow_file_range failed, root=5 inode=1240 start=0 len=32768 cur_offset=0 cur_alloc_size=0: -EIO
[   48.725955] BTRFS error (device vdc state E): cow_file_range failed, root=5 inode=1241 start=0 len=32768 cur_offset=0 cur_alloc_size=0: -EIO
[   48.727824] BTRFS error (device vdc state E): cow_file_range failed, root=5 inode=1242 start=0 len=32768 cur_offset=0 cur_alloc_size=0: -EIO
[   48.729654] BTRFS error (device vdc state E): cow_file_range failed, root=5 inode=1243 start=0 len=32768 cur_offset=0 cur_alloc_size=0: -EIO
[   48.731443] BTRFS error (device vdc state E): cow_file_range failed, root=5 inode=1244 start=0 len=32768 cur_offset=0 cur_alloc_size=0: -EIO
[   48.738946] BTRFS info (device vdc state E): last unmount of filesystem 5a57fab6-3748-417d-89d3-4d7317e7dc65
[   48.745128] BTRFS: device fsid 5a57fab6-3748-417d-89d3-4d7317e7dc65 devid 1 transid 11 /dev/vdc (253:32) scanned by mount (6598)
[   48.747376] BTRFS info (device vdc): first mount of filesystem 5a57fab6-3748-417d-89d3-4d7317e7dc65
[   48.748653] BTRFS info (device vdc): using crc32c checksum algorithm
[   48.752556] BTRFS info (device vdc): turning on async discard
[   48.753431] BTRFS info (device vdc): enabling free space tree
[   48.756653] BTRFS info (device vdc): last unmount of filesystem 5a57fab6-3748-417d-89d3-4d7317e7dc65
[   48.761552] BTRFS: device fsid 5a57fab6-3748-417d-89d3-4d7317e7dc65 devid 1 transid 11 /dev/vdc (253:32) scanned by mount (6618)
[   48.763563] BTRFS info (device vdc): first mount of filesystem 5a57fab6-3748-417d-89d3-4d7317e7dc65
[   48.764851] BTRFS info (device vdc): using crc32c checksum algorithm
[   48.768489] BTRFS info (device vdc): turning on async discard
[   48.769318] BTRFS info (device vdc): enabling free space tree
[   51.090940] BTRFS info (device vdb): last unmount of filesystem beb0a138-b1d6-4409-8c61-9e466f17fab3
[   51.105010] BTRFS info (device vdc): last unmount of filesystem 5a57fab6-3748-417d-89d3-4d7317e7dc65
[   51.113645] BTRFS: device fsid 5a57fab6-3748-417d-89d3-4d7317e7dc65 devid 1 transid 14 /dev/vdc (253:32) scanned by mount (13545)
[   51.115774] BTRFS info (device vdc): first mount of filesystem 5a57fab6-3748-417d-89d3-4d7317e7dc65
[   51.117108] BTRFS info (device vdc): using crc32c checksum algorithm
[   51.121499] BTRFS info (device vdc): turning on async discard
[   51.122328] BTRFS info (device vdc): enabling free space tree
[   51.126275] BTRFS info (device vdc): last unmount of filesystem 5a57fab6-3748-417d-89d3-4d7317e7dc65
QITER 1 rc=1 Failures: generic/044 generic/045 generic/046
Ran: generic/044 generic/045 generic/046
Failed 3 of 3 tests
---- /tmp/xfstests/results/generic/044.out.bad ----
QA output created by 044
corrupt file /mnt/scratch/823 - non-zero size but no extents
corrupt file /mnt/scratch/824 - non-zero size but no extents
corrupt file /mnt/scratch/825 - non-zero size but no extents
corrupt file /mnt/scratch/826 - non-zero size but no extents
corrupt file /mnt/scratch/827 - non-zero size but no extents
corrupt file /mnt/scratch/828 - non-zero size but no extents
corrupt file /mnt/scratch/829 - non-zero size but no extents
corrupt file /mnt/scratch/830 - non-zero size but no extents
corrupt file /mnt/scratch/831 - non-zero size but no extents
corrupt file /mnt/scratch/832 - non-zero size but no extents
corrupt file /mnt/scratch/833 - non-zero size but no extents
corrupt file /mnt/scratch/834 - non-zero size but no extents
corrupt file /mnt/scratch/835 - non-zero size but no extents
corrupt file /mnt/scratch/836 - non-zero size but no extents
corrupt file /mnt/scratch/837 - non-zero size but no extents
corrupt file /mnt/scratch/838 - non-zero size but no extents
corrupt file /mnt/scratch/839 - non-zero size but no extents
corrupt file /mnt/scratch/840 - non-zero size but no extents
corrupt file /mnt/scratch/841 - non-zero size but no extents
corrupt file /mnt/scratch/842 - non-zero size but no extents
corrupt file /mnt/scratch/843 - non-zero size but no extents
corrupt file /mnt/scratch/844 - non-zero size but no extents
corrupt file /mnt/scratch/845 - non-zero size but no extents
corrupt file /mnt/scratch/846 - non-zero size but no extents
---- /tmp/xfstests/results/generic/045.out.bad ----
QA output created by 045
corrupt file /mnt/scratch/900 - non-zero size but no extents
corrupt file /mnt/scratch/901 - non-zero size but no extents
corrupt file /mnt/scratch/902 - non-zero size but no extents
corrupt file /mnt/scratch/903 - non-zero size but no extents
corrupt file /mnt/scratch/904 - non-zero size but no extents
corrupt file /mnt/scratch/905 - non-zero size but no extents
corrupt file /mnt/scratch/906 - non-zero size but no extents
corrupt file /mnt/scratch/907 - non-zero size but no extents
corrupt file /mnt/scratch/908 - non-zero size but no extents
corrupt file /mnt/scratch/909 - non-zero size but no extents
corrupt file /mnt/scratch/910 - non-zero size but no extents
corrupt file /mnt/scratch/911 - non-zero size but no extents
corrupt file /mnt/scratch/912 - non-zero size but no extents
corrupt file /mnt/scratch/913 - non-zero size but no extents
corrupt file /mnt/scratch/914 - non-zero size but no extents
corrupt file /mnt/scratch/915 - non-zero size but no extents
corrupt file /mnt/scratch/916 - non-zero size but no extents
corrupt file /mnt/scratch/917 - non-zero size but no extents
corrupt file /mnt/scratch/918 - non-zero size but no extents
corrupt file /mnt/scratch/919 - non-zero size but no extents
corrupt file /mnt/scratch/920 - non-zero size but no extents
corrupt file /mnt/scratch/921 - non-zero size but no extents
corrupt file /mnt/scratch/922 - non-zero size but no extents
corrupt file /mnt/scratch/923 - non-zero size but no extents
---- /tmp/xfstests/results/generic/046.out.bad ----
QA output created by 046
corrupt file /mnt/scratch/899 - non-zero size but no extents
corrupt file /mnt/scratch/900 - non-zero size but no extents
corrupt file /mnt/scratch/901 - non-zero size but no extents
corrupt file /mnt/scratch/902 - non-zero size but no extents
corrupt file /mnt/scratch/903 - non-zero size but no extents
corrupt file /mnt/scratch/904 - non-zero size but no extents
corrupt file /mnt/scratch/905 - non-zero size but no extents
corrupt file /mnt/scratch/906 - non-zero size but no extents
corrupt file /mnt/scratch/907 - non-zero size but no extents
corrupt file /mnt/scratch/908 - non-zero size but no extents
corrupt file /mnt/scratch/909 - non-zero size but no extents
corrupt file /mnt/scratch/910 - non-zero size but no extents
corrupt file /mnt/scratch/911 - non-zero size but no extents
corrupt file /mnt/scratch/912 - non-zero size but no extents
corrupt file /mnt/scratch/913 - non-zero size but no extents
corrupt file /mnt/scratch/914 - non-zero size but no extents
corrupt file /mnt/scratch/915 - non-zero size but no extents
corrupt file /mnt/scratch/916 - non-zero size but no extents
corrupt file /mnt/scratch/917 - non-zero size but no extents
corrupt file /mnt/scratch/918 - non-zero size but no extents
corrupt file /mnt/scratch/919 - non-zero size but no extents
corrupt file /mnt/scratch/920 - non-zero size but no extents
corrupt file /mnt/scratch/921 - non-zero size but no extents
corrupt file /mnt/scratch/922 - non-zero size but no extents
[   51.289237] BTRFS: device fsid beb0a138-b1d6-4409-8c61-9e466f17fab3 devid 1 transid 12 /dev/vdb (253:16) scanned by mount (13745)
[   51.291549] BTRFS info (device vdb): first mount of filesystem beb0a138-b1d6-4409-8c61-9e466f17fab3
[   51.292853] BTRFS info (device vdb): using crc32c checksum algorithm
[   51.296641] BTRFS info (device vdb): turning on async discard
[   51.297556] BTRFS info (device vdb): enabling free space tree
[   51.391553] BTRFS: device fsid e35f47ee-0eb5-4c53-82e2-dd47c16d08cb devid 1 transid 8 /dev/vdc (253:32) scanned by mount (13837)
[   51.393561] BTRFS info (device vdc): first mount of filesystem e35f47ee-0eb5-4c53-82e2-dd47c16d08cb
[   51.394909] BTRFS info (device vdc): using crc32c checksum algorithm
[   51.398517] BTRFS info (device vdc): checking UUID tree
[   51.399472] BTRFS info (device vdc): turning on async discard
[   51.400321] BTRFS info (device vdc): enabling free space tree
[   51.405984] BTRFS info (device vdc): last unmount of filesystem e35f47ee-0eb5-4c53-82e2-dd47c16d08cb
[   51.415559] BTRFS info (device vdb): last unmount of filesystem beb0a138-b1d6-4409-8c61-9e466f17fab3
[   51.423383] BTRFS: device fsid beb0a138-b1d6-4409-8c61-9e466f17fab3 devid 1 transid 12 /dev/vdb (253:16) scanned by mount (13871)
[   51.425463] BTRFS info (device vdb): first mount of filesystem beb0a138-b1d6-4409-8c61-9e466f17fab3
[   51.426868] BTRFS info (device vdb): using crc32c checksum algorithm
[   51.430339] BTRFS info (device vdb): turning on async discard
[   51.431268] BTRFS info (device vdb): enabling free space tree
[   51.440617] run fstests generic/044 at 2026-08-01 03:27:10
[   51.568569] BTRFS: device fsid d5bfef51-c165-4e1b-951e-3b6a883016aa devid 1 transid 8 /dev/vdc (253:32) scanned by mount (14070)
[   51.570705] BTRFS info (device vdc): first mount of filesystem d5bfef51-c165-4e1b-951e-3b6a883016aa
[   51.572064] BTRFS info (device vdc): using crc32c checksum algorithm
[   51.575678] BTRFS info (device vdc): checking UUID tree
[   51.576576] BTRFS info (device vdc): turning on async discard
[   51.577401] BTRFS info (device vdc): enabling free space tree
[   51.609994] BTRFS critical (device vdc state E): emergency shutdown
[   51.613415] BTRFS info (device vdc state E): last unmount of filesystem d5bfef51-c165-4e1b-951e-3b6a883016aa
[   51.666886] BTRFS: device fsid d98e08ef-287e-4aec-aed0-af0110c92975 devid 1 transid 8 /dev/vdc (253:32) scanned by mount (14118)
[   51.669078] BTRFS info (device vdc): first mount of filesystem d98e08ef-287e-4aec-aed0-af0110c92975
[   51.670357] BTRFS info (device vdc): using crc32c checksum algorithm
[   51.673958] BTRFS info (device vdc): checking UUID tree
[   51.674898] BTRFS info (device vdc): turning on async discard
[   51.675761] BTRFS info (device vdc): enabling free space tree
[   63.885866] BTRFS critical (device vdc state E): emergency shutdown
[   63.890514] _btrfs_printk: 11 callbacks suppressed
[   63.890516] BTRFS error (device vdc state E): cow_file_range failed, root=5 inode=1059 start=0 len=65536 cur_offset=0 cur_alloc_size=0: -EIO
[   63.893022] writepage_delalloc: 91 callbacks suppressed
[   63.893024] BTRFS error (device vdc state E): failed to run delalloc range, root=5 ino=1059 folio=0 submit_bitmap=0 start=0 len=65536: -EIO
[   63.895525] BTRFS error (device vdc state E): cow_file_range failed, root=5 inode=1060 start=0 len=65536 cur_offset=0 cur_alloc_size=0: -EIO
[   63.897257] BTRFS error (device vdc state E): failed to run delalloc range, root=5 ino=1060 folio=0 submit_bitmap=0 start=0 len=65536: -EIO
[   63.898968] BTRFS error (device vdc state E): cow_file_range failed, root=5 inode=1061 start=0 len=65536 cur_offset=0 cur_alloc_size=0: -EIO
[   63.900688] BTRFS error (device vdc state E): failed to run delalloc range, root=5 ino=1061 folio=0 submit_bitmap=0 start=0 len=65536: -EIO
[   63.902405] BTRFS error (device vdc state E): cow_file_range failed, root=5 inode=1062 start=0 len=65536 cur_offset=0 cur_alloc_size=0: -EIO
[   63.904152] BTRFS error (device vdc state E): failed to run delalloc range, root=5 ino=1062 folio=0 submit_bitmap=0 start=0 len=65536: -EIO
[   63.905861] BTRFS error (device vdc state E): cow_file_range failed, root=5 inode=1063 start=0 len=65536 cur_offset=0 cur_alloc_size=0: -EIO
[   63.907565] BTRFS error (device vdc state E): failed to run delalloc range, root=5 ino=1063 folio=0 submit_bitmap=0 start=0 len=65536: -EIO
[   63.909271] BTRFS error (device vdc state E): cow_file_range failed, root=5 inode=1064 start=0 len=65536 cur_offset=0 cur_alloc_size=0: -EIO
[   63.910983] BTRFS error (device vdc state E): failed to run delalloc range, root=5 ino=1064 folio=0 submit_bitmap=0 start=0 len=65536: -EIO
[   63.912755] BTRFS error (device vdc state E): cow_file_range failed, root=5 inode=1065 start=0 len=65536 cur_offset=0 cur_alloc_size=0: -EIO
[   63.914472] BTRFS error (device vdc state E): failed to run delalloc range, root=5 ino=1065 folio=0 submit_bitmap=0 start=0 len=65536: -EIO
[   63.916232] BTRFS error (device vdc state E): cow_file_range failed, root=5 inode=1066 start=0 len=65536 cur_offset=0 cur_alloc_size=0: -EIO
[   63.917937] BTRFS error (device vdc state E): failed to run delalloc range, root=5 ino=1066 folio=0 submit_bitmap=0 start=0 len=65536: -EIO
[   63.919685] BTRFS error (device vdc state E): cow_file_range failed, root=5 inode=1067 start=0 len=65536 cur_offset=0 cur_alloc_size=0: -EIO
[   63.921418] BTRFS error (device vdc state E): failed to run delalloc range, root=5 ino=1067 folio=0 submit_bitmap=0 start=0 len=65536: -EIO
[   63.923135] BTRFS error (device vdc state E): cow_file_range failed, root=5 inode=1068 start=0 len=65536 cur_offset=0 cur_alloc_size=0: -EIO
[   63.924863] BTRFS error (device vdc state E): failed to run delalloc range, root=5 ino=1068 folio=0 submit_bitmap=0 start=0 len=65536: -EIO
[   63.926613] BTRFS error (device vdc state E): cow_file_range failed, root=5 inode=1069 start=0 len=65536 cur_offset=0 cur_alloc_size=0: -EIO
[   63.928375] BTRFS error (device vdc state E): cow_file_range failed, root=5 inode=1070 start=0 len=65536 cur_offset=0 cur_alloc_size=0: -EIO
[   63.930125] BTRFS error (device vdc state E): cow_file_range failed, root=5 inode=1071 start=0 len=65536 cur_offset=0 cur_alloc_size=0: -EIO
[   63.931881] BTRFS error (device vdc state E): cow_file_range failed, root=5 inode=1072 start=0 len=65536 cur_offset=0 cur_alloc_size=0: -EIO
[   63.933662] BTRFS error (device vdc state E): cow_file_range failed, root=5 inode=1073 start=0 len=65536 cur_offset=0 cur_alloc_size=0: -EIO
[   63.935413] BTRFS error (device vdc state E): cow_file_range failed, root=5 inode=1074 start=0 len=65536 cur_offset=0 cur_alloc_size=0: -EIO
[   63.937157] BTRFS error (device vdc state E): cow_file_range failed, root=5 inode=1075 start=0 len=65536 cur_offset=0 cur_alloc_size=0: -EIO
[   63.938920] BTRFS error (device vdc state E): cow_file_range failed, root=5 inode=1076 start=0 len=65536 cur_offset=0 cur_alloc_size=0: -EIO
[   63.940704] BTRFS error (device vdc state E): cow_file_range failed, root=5 inode=1077 start=0 len=65536 cur_offset=0 cur_alloc_size=0: -EIO
[   63.942471] BTRFS error (device vdc state E): cow_file_range failed, root=5 inode=1078 start=0 len=65536 cur_offset=0 cur_alloc_size=0: -EIO
[   63.944254] BTRFS error (device vdc state E): cow_file_range failed, root=5 inode=1079 start=0 len=65536 cur_offset=0 cur_alloc_size=0: -EIO
[   63.945992] BTRFS error (device vdc state E): cow_file_range failed, root=5 inode=1080 start=0 len=65536 cur_offset=0 cur_alloc_size=0: -EIO
[   63.947747] BTRFS error (device vdc state E): cow_file_range failed, root=5 inode=1081 start=0 len=65536 cur_offset=0 cur_alloc_size=0: -EIO
[   63.949502] BTRFS error (device vdc state E): cow_file_range failed, root=5 inode=1082 start=0 len=65536 cur_offset=0 cur_alloc_size=0: -EIO
[   63.951313] BTRFS error (device vdc state E): cow_file_range failed, root=5 inode=1083 start=0 len=65536 cur_offset=0 cur_alloc_size=0: -EIO
[   63.953055] BTRFS error (device vdc state E): cow_file_range failed, root=5 inode=1084 start=0 len=65536 cur_offset=0 cur_alloc_size=0: -EIO
[   63.954817] BTRFS error (device vdc state E): cow_file_range failed, root=5 inode=1085 start=0 len=65536 cur_offset=0 cur_alloc_size=0: -EIO
[   63.956635] BTRFS error (device vdc state E): cow_file_range failed, root=5 inode=1086 start=0 len=65536 cur_offset=0 cur_alloc_size=0: -EIO
[   63.958395] BTRFS error (device vdc state E): cow_file_range failed, root=5 inode=1087 start=0 len=65536 cur_offset=0 cur_alloc_size=0: -EIO
[   63.960218] BTRFS error (device vdc state E): cow_file_range failed, root=5 inode=1088 start=0 len=65536 cur_offset=0 cur_alloc_size=0: -EIO
[   63.961960] BTRFS error (device vdc state E): cow_file_range failed, root=5 inode=1089 start=0 len=65536 cur_offset=0 cur_alloc_size=0: -EIO
[   63.963736] BTRFS error (device vdc state E): cow_file_range failed, root=5 inode=1090 start=0 len=65536 cur_offset=0 cur_alloc_size=0: -EIO
[   63.965466] BTRFS error (device vdc state E): cow_file_range failed, root=5 inode=1091 start=0 len=65536 cur_offset=0 cur_alloc_size=0: -EIO
[   63.967229] BTRFS error (device vdc state E): cow_file_range failed, root=5 inode=1092 start=0 len=65536 cur_offset=0 cur_alloc_size=0: -EIO
[   63.969014] BTRFS error (device vdc state E): cow_file_range failed, root=5 inode=1093 start=0 len=65536 cur_offset=0 cur_alloc_size=0: -EIO
[   63.970762] BTRFS error (device vdc state E): cow_file_range failed, root=5 inode=1094 start=0 len=65536 cur_offset=0 cur_alloc_size=0: -EIO
[   63.972567] BTRFS error (device vdc state E): cow_file_range failed, root=5 inode=1095 start=0 len=65536 cur_offset=0 cur_alloc_size=0: -EIO
[   63.974340] BTRFS error (device vdc state E): cow_file_range failed, root=5 inode=1096 start=0 len=65536 cur_offset=0 cur_alloc_size=0: -EIO
[   63.976097] BTRFS error (device vdc state E): cow_file_range failed, root=5 inode=1097 start=0 len=65536 cur_offset=0 cur_alloc_size=0: -EIO
[   63.977863] BTRFS error (device vdc state E): cow_file_range failed, root=5 inode=1098 start=0 len=65536 cur_offset=0 cur_alloc_size=0: -EIO
[   63.979624] BTRFS error (device vdc state E): cow_file_range failed, root=5 inode=1099 start=0 len=65536 cur_offset=0 cur_alloc_size=0: -EIO
[   63.981350] BTRFS error (device vdc state E): cow_file_range failed, root=5 inode=1100 start=0 len=65536 cur_offset=0 cur_alloc_size=0: -EIO
[   63.983119] BTRFS error (device vdc state E): cow_file_range failed, root=5 inode=1101 start=0 len=65536 cur_offset=0 cur_alloc_size=0: -EIO
[   63.984881] BTRFS error (device vdc state E): cow_file_range failed, root=5 inode=1102 start=0 len=65536 cur_offset=0 cur_alloc_size=0: -EIO
[   63.986661] BTRFS error (device vdc state E): cow_file_range failed, root=5 inode=1103 start=0 len=65536 cur_offset=0 cur_alloc_size=0: -EIO
[   63.988436] BTRFS error (device vdc state E): cow_file_range failed, root=5 inode=1104 start=0 len=65536 cur_offset=0 cur_alloc_size=0: -EIO
[   63.990184] BTRFS error (device vdc state E): cow_file_range failed, root=5 inode=1105 start=0 len=65536 cur_offset=0 cur_alloc_size=0: -EIO
[   63.991937] BTRFS error (device vdc state E): cow_file_range failed, root=5 inode=1106 start=0 len=65536 cur_offset=0 cur_alloc_size=0: -EIO
[   63.993714] BTRFS error (device vdc state E): cow_file_range failed, root=5 inode=1107 start=0 len=65536 cur_offset=0 cur_alloc_size=0: -EIO
[   63.995476] BTRFS error (device vdc state E): cow_file_range failed, root=5 inode=1108 start=0 len=65536 cur_offset=0 cur_alloc_size=0: -EIO
[   63.997221] BTRFS error (device vdc state E): cow_file_range failed, root=5 inode=1109 start=0 len=65536 cur_offset=0 cur_alloc_size=0: -EIO
[   63.998979] BTRFS error (device vdc state E): cow_file_range failed, root=5 inode=1110 start=0 len=65536 cur_offset=0 cur_alloc_size=0: -EIO
[   64.000732] BTRFS error (device vdc state E): cow_file_range failed, root=5 inode=1111 start=0 len=65536 cur_offset=0 cur_alloc_size=0: -EIO
[   64.002523] BTRFS error (device vdc state E): cow_file_range failed, root=5 inode=1112 start=0 len=65536 cur_offset=0 cur_alloc_size=0: -EIO
[   64.004288] BTRFS error (device vdc state E): cow_file_range failed, root=5 inode=1113 start=0 len=65536 cur_offset=0 cur_alloc_size=0: -EIO
[   64.006034] BTRFS error (device vdc state E): cow_file_range failed, root=5 inode=1114 start=0 len=65536 cur_offset=0 cur_alloc_size=0: -EIO
[   64.007802] BTRFS error (device vdc state E): cow_file_range failed, root=5 inode=1115 start=0 len=65536 cur_offset=0 cur_alloc_size=0: -EIO
[   64.009536] BTRFS error (device vdc state E): cow_file_range failed, root=5 inode=1116 start=0 len=65536 cur_offset=0 cur_alloc_size=0: -EIO
[   64.011329] BTRFS error (device vdc state E): cow_file_range failed, root=5 inode=1117 start=0 len=65536 cur_offset=0 cur_alloc_size=0: -EIO
[   64.013080] BTRFS error (device vdc state E): cow_file_range failed, root=5 inode=1118 start=0 len=65536 cur_offset=0 cur_alloc_size=0: -EIO
[   64.014859] BTRFS error (device vdc state E): cow_file_range failed, root=5 inode=1119 start=0 len=65536 cur_offset=0 cur_alloc_size=0: -EIO
[   64.016637] BTRFS error (device vdc state E): cow_file_range failed, root=5 inode=1120 start=0 len=65536 cur_offset=0 cur_alloc_size=0: -EIO
[   64.018427] BTRFS error (device vdc state E): cow_file_range failed, root=5 inode=1121 start=0 len=65536 cur_offset=0 cur_alloc_size=0: -EIO
[   64.020213] BTRFS error (device vdc state E): cow_file_range failed, root=5 inode=1122 start=0 len=65536 cur_offset=0 cur_alloc_size=0: -EIO
[   64.021969] BTRFS error (device vdc state E): cow_file_range failed, root=5 inode=1123 start=0 len=65536 cur_offset=0 cur_alloc_size=0: -EIO
[   64.023749] BTRFS error (device vdc state E): cow_file_range failed, root=5 inode=1124 start=0 len=65536 cur_offset=0 cur_alloc_size=0: -EIO
[   64.025486] BTRFS error (device vdc state E): cow_file_range failed, root=5 inode=1125 start=0 len=65536 cur_offset=0 cur_alloc_size=0: -EIO
[   64.027262] BTRFS error (device vdc state E): cow_file_range failed, root=5 inode=1126 start=0 len=65536 cur_offset=0 cur_alloc_size=0: -EIO
[   64.029056] BTRFS error (device vdc state E): cow_file_range failed, root=5 inode=1127 start=0 len=65536 cur_offset=0 cur_alloc_size=0: -EIO
[   64.030818] BTRFS error (device vdc state E): cow_file_range failed, root=5 inode=1128 start=0 len=65536 cur_offset=0 cur_alloc_size=0: -EIO
[   64.032660] BTRFS error (device vdc state E): cow_file_range failed, root=5 inode=1129 start=0 len=65536 cur_offset=0 cur_alloc_size=0: -EIO
[   64.034413] BTRFS error (device vdc state E): cow_file_range failed, root=5 inode=1130 start=0 len=65536 cur_offset=0 cur_alloc_size=0: -EIO
[   64.036171] BTRFS error (device vdc state E): cow_file_range failed, root=5 inode=1131 start=0 len=65536 cur_offset=0 cur_alloc_size=0: -EIO
[   64.037940] BTRFS error (device vdc state E): cow_file_range failed, root=5 inode=1132 start=0 len=65536 cur_offset=0 cur_alloc_size=0: -EIO
[   64.039702] BTRFS error (device vdc state E): cow_file_range failed, root=5 inode=1133 start=0 len=65536 cur_offset=0 cur_alloc_size=0: -EIO
[   64.041445] BTRFS error (device vdc state E): cow_file_range failed, root=5 inode=1134 start=0 len=65536 cur_offset=0 cur_alloc_size=0: -EIO
[   64.043193] BTRFS error (device vdc state E): cow_file_range failed, root=5 inode=1135 start=0 len=65536 cur_offset=0 cur_alloc_size=0: -EIO
[   64.044982] BTRFS error (device vdc state E): cow_file_range failed, root=5 inode=1136 start=0 len=65536 cur_offset=0 cur_alloc_size=0: -EIO
[   64.046794] BTRFS error (device vdc state E): cow_file_range failed, root=5 inode=1137 start=0 len=65536 cur_offset=0 cur_alloc_size=0: -EIO
[   64.048555] BTRFS error (device vdc state E): cow_file_range failed, root=5 inode=1138 start=0 len=65536 cur_offset=0 cur_alloc_size=0: -EIO
[   64.050309] BTRFS error (device vdc state E): cow_file_range failed, root=5 inode=1139 start=0 len=65536 cur_offset=0 cur_alloc_size=0: -EIO
[   64.052088] BTRFS error (device vdc state E): cow_file_range failed, root=5 inode=1140 start=0 len=65536 cur_offset=0 cur_alloc_size=0: -EIO
[   64.053848] BTRFS error (device vdc state E): cow_file_range failed, root=5 inode=1141 start=0 len=65536 cur_offset=0 cur_alloc_size=0: -EIO
[   64.055588] BTRFS error (device vdc state E): cow_file_range failed, root=5 inode=1142 start=0 len=65536 cur_offset=0 cur_alloc_size=0: -EIO
[   64.057348] BTRFS error (device vdc state E): cow_file_range failed, root=5 inode=1143 start=0 len=65536 cur_offset=0 cur_alloc_size=0: -EIO
[   64.059095] BTRFS error (device vdc state E): cow_file_range failed, root=5 inode=1144 start=0 len=65536 cur_offset=0 cur_alloc_size=0: -EIO
[   64.060930] BTRFS error (device vdc state E): cow_file_range failed, root=5 inode=1145 start=0 len=65536 cur_offset=0 cur_alloc_size=0: -EIO
[   64.062716] BTRFS error (device vdc state E): cow_file_range failed, root=5 inode=1146 start=0 len=65536 cur_offset=0 cur_alloc_size=0: -EIO
[   64.064487] BTRFS error (device vdc state E): cow_file_range failed, root=5 inode=1147 start=0 len=65536 cur_offset=0 cur_alloc_size=0: -EIO
[   64.066271] BTRFS error (device vdc state E): cow_file_range failed, root=5 inode=1148 start=0 len=65536 cur_offset=0 cur_alloc_size=0: -EIO
[   64.078050] BTRFS info (device vdc state E): last unmount of filesystem d98e08ef-287e-4aec-aed0-af0110c92975
[   64.083899] BTRFS: device fsid d98e08ef-287e-4aec-aed0-af0110c92975 devid 1 transid 11 /dev/vdc (253:32) scanned by mount (18137)
[   64.085995] BTRFS info (device vdc): first mount of filesystem d98e08ef-287e-4aec-aed0-af0110c92975
[   64.087249] BTRFS info (device vdc): using crc32c checksum algorithm
[   64.091041] BTRFS info (device vdc): turning on async discard
[   64.092023] BTRFS info (device vdc): enabling free space tree
[   64.095063] BTRFS info (device vdc): last unmount of filesystem d98e08ef-287e-4aec-aed0-af0110c92975
[   64.100072] BTRFS: device fsid d98e08ef-287e-4aec-aed0-af0110c92975 devid 1 transid 11 /dev/vdc (253:32) scanned by mount (18157)
[   64.102172] BTRFS info (device vdc): first mount of filesystem d98e08ef-287e-4aec-aed0-af0110c92975
[   64.103489] BTRFS info (device vdc): using crc32c checksum algorithm
[   64.107169] BTRFS info (device vdc): turning on async discard
[   64.108073] BTRFS info (device vdc): enabling free space tree
[   67.890657] BTRFS info (device vdb): last unmount of filesystem beb0a138-b1d6-4409-8c61-9e466f17fab3
[   67.908559] BTRFS info (device vdc): last unmount of filesystem d98e08ef-287e-4aec-aed0-af0110c92975
[   67.917499] BTRFS: device fsid d98e08ef-287e-4aec-aed0-af0110c92975 devid 1 transid 15 /dev/vdc (253:32) scanned by mount (30982)
[   67.919634] BTRFS info (device vdc): first mount of filesystem d98e08ef-287e-4aec-aed0-af0110c92975
[   67.920911] BTRFS info (device vdc): using crc32c checksum algorithm
[   67.924891] BTRFS info (device vdc): turning on async discard
[   67.925725] BTRFS info (device vdc): enabling free space tree
[   67.929581] BTRFS info (device vdc): last unmount of filesystem d98e08ef-287e-4aec-aed0-af0110c92975
[   67.955289] run fstests generic/045 at 2026-08-01 03:27:27
[   68.029902] BTRFS: device fsid beb0a138-b1d6-4409-8c61-9e466f17fab3 devid 1 transid 13 /dev/vdb (253:16) scanned by mount (31168)
[   68.032228] BTRFS info (device vdb): first mount of filesystem beb0a138-b1d6-4409-8c61-9e466f17fab3
[   68.033530] BTRFS info (device vdb): using crc32c checksum algorithm
[   68.037274] BTRFS info (device vdb): turning on async discard
[   68.038131] BTRFS info (device vdb): enabling free space tree
[   68.095018] BTRFS: device fsid ecb5852f-0d0c-4eea-b39d-20487335b3c5 devid 1 transid 8 /dev/vdc (253:32) scanned by mount (31218)
[   68.097115] BTRFS info (device vdc): first mount of filesystem ecb5852f-0d0c-4eea-b39d-20487335b3c5
[   68.098398] BTRFS info (device vdc): using crc32c checksum algorithm
[   68.101975] BTRFS info (device vdc): checking UUID tree
[   68.102821] BTRFS info (device vdc): turning on async discard
[   68.103685] BTRFS info (device vdc): enabling free space tree
[   68.135979] BTRFS critical (device vdc state E): emergency shutdown
[   68.139517] BTRFS info (device vdc state E): last unmount of filesystem ecb5852f-0d0c-4eea-b39d-20487335b3c5
[   68.191674] BTRFS: device fsid 57a4b318-0da3-4b7a-897d-f770b9e18c79 devid 1 transid 8 /dev/vdc (253:32) scanned by mount (31266)
[   68.193660] BTRFS info (device vdc): first mount of filesystem 57a4b318-0da3-4b7a-897d-f770b9e18c79
[   68.194942] BTRFS info (device vdc): using crc32c checksum algorithm
[   68.198441] BTRFS info (device vdc): checking UUID tree
[   68.199348] BTRFS info (device vdc): turning on async discard
[   68.200239] BTRFS info (device vdc): enabling free space tree
[   80.399855] BTRFS critical (device vdc state E): emergency shutdown
[   80.405106] _btrfs_printk: 107 callbacks suppressed
[   80.405108] BTRFS error (device vdc state E): cow_file_range failed, root=5 inode=1125 start=0 len=32768 cur_offset=0 cur_alloc_size=0: -EIO
[   80.407842] writepage_delalloc: 187 callbacks suppressed
[   80.407844] BTRFS error (device vdc state E): failed to run delalloc range, root=5 ino=1125 folio=0 submit_bitmap=0 start=0 len=32768: -EIO
[   80.410537] BTRFS error (device vdc state E): cow_file_range failed, root=5 inode=1126 start=0 len=32768 cur_offset=0 cur_alloc_size=0: -EIO
[   80.412481] BTRFS error (device vdc state E): failed to run delalloc range, root=5 ino=1126 folio=0 submit_bitmap=0 start=0 len=32768: -EIO
[   80.414393] BTRFS error (device vdc state E): cow_file_range failed, root=5 inode=1127 start=0 len=32768 cur_offset=0 cur_alloc_size=0: -EIO
[   80.416329] BTRFS error (device vdc state E): failed to run delalloc range, root=5 ino=1127 folio=0 submit_bitmap=0 start=0 len=32768: -EIO
[   80.418227] BTRFS error (device vdc state E): cow_file_range failed, root=5 inode=1128 start=0 len=32768 cur_offset=0 cur_alloc_size=0: -EIO
[   80.420091] BTRFS error (device vdc state E): failed to run delalloc range, root=5 ino=1128 folio=0 submit_bitmap=0 start=0 len=32768: -EIO
[   80.422051] BTRFS error (device vdc state E): cow_file_range failed, root=5 inode=1129 start=0 len=32768 cur_offset=0 cur_alloc_size=0: -EIO
[   80.423979] BTRFS error (device vdc state E): failed to run delalloc range, root=5 ino=1129 folio=0 submit_bitmap=0 start=0 len=32768: -EIO
[   80.425884] BTRFS error (device vdc state E): cow_file_range failed, root=5 inode=1130 start=0 len=32768 cur_offset=0 cur_alloc_size=0: -EIO
[   80.427844] BTRFS error (device vdc state E): failed to run delalloc range, root=5 ino=1130 folio=0 submit_bitmap=0 start=0 len=32768: -EIO
[   80.429745] BTRFS error (device vdc state E): cow_file_range failed, root=5 inode=1131 start=0 len=32768 cur_offset=0 cur_alloc_size=0: -EIO
[   80.431645] BTRFS error (device vdc state E): failed to run delalloc range, root=5 ino=1131 folio=0 submit_bitmap=0 start=0 len=32768: -EIO
[   80.433530] BTRFS error (device vdc state E): cow_file_range failed, root=5 inode=1132 start=0 len=32768 cur_offset=0 cur_alloc_size=0: -EIO
[   80.435484] BTRFS error (device vdc state E): failed to run delalloc range, root=5 ino=1132 folio=0 submit_bitmap=0 start=0 len=32768: -EIO
[   80.437461] BTRFS error (device vdc state E): cow_file_range failed, root=5 inode=1133 start=0 len=32768 cur_offset=0 cur_alloc_size=0: -EIO
[   80.439383] BTRFS error (device vdc state E): failed to run delalloc range, root=5 ino=1133 folio=0 submit_bitmap=0 start=0 len=32768: -EIO
[   80.441318] BTRFS error (device vdc state E): cow_file_range failed, root=5 inode=1134 start=0 len=32768 cur_offset=0 cur_alloc_size=0: -EIO
[   80.443240] BTRFS error (device vdc state E): failed to run delalloc range, root=5 ino=1134 folio=0 submit_bitmap=0 start=0 len=32768: -EIO
[   80.445183] BTRFS error (device vdc state E): cow_file_range failed, root=5 inode=1135 start=0 len=32768 cur_offset=0 cur_alloc_size=0: -EIO
[   80.447095] BTRFS error (device vdc state E): cow_file_range failed, root=5 inode=1136 start=0 len=32768 cur_offset=0 cur_alloc_size=0: -EIO
[   80.449075] BTRFS error (device vdc state E): cow_file_range failed, root=5 inode=1137 start=0 len=32768 cur_offset=0 cur_alloc_size=0: -EIO
[   80.450953] BTRFS error (device vdc state E): cow_file_range failed, root=5 inode=1138 start=0 len=32768 cur_offset=0 cur_alloc_size=0: -EIO
[   80.452811] BTRFS error (device vdc state E): cow_file_range failed, root=5 inode=1139 start=0 len=32768 cur_offset=0 cur_alloc_size=0: -EIO
[   80.454621] BTRFS error (device vdc state E): cow_file_range failed, root=5 inode=1140 start=0 len=32768 cur_offset=0 cur_alloc_size=0: -EIO
[   80.456474] BTRFS error (device vdc state E): cow_file_range failed, root=5 inode=1141 start=0 len=32768 cur_offset=0 cur_alloc_size=0: -EIO
[   80.458273] BTRFS error (device vdc state E): cow_file_range failed, root=5 inode=1142 start=0 len=32768 cur_offset=0 cur_alloc_size=0: -EIO
[   80.460069] BTRFS error (device vdc state E): cow_file_range failed, root=5 inode=1143 start=0 len=32768 cur_offset=0 cur_alloc_size=0: -EIO
[   80.461879] BTRFS error (device vdc state E): cow_file_range failed, root=5 inode=1144 start=0 len=32768 cur_offset=0 cur_alloc_size=0: -EIO
[   80.463642] BTRFS error (device vdc state E): cow_file_range failed, root=5 inode=1145 start=0 len=32768 cur_offset=0 cur_alloc_size=0: -EIO
[   80.465457] BTRFS error (device vdc state E): cow_file_range failed, root=5 inode=1146 start=0 len=32768 cur_offset=0 cur_alloc_size=0: -EIO
[   80.467322] BTRFS error (device vdc state E): cow_file_range failed, root=5 inode=1147 start=0 len=32768 cur_offset=0 cur_alloc_size=0: -EIO
[   80.469125] BTRFS error (device vdc state E): cow_file_range failed, root=5 inode=1148 start=0 len=32768 cur_offset=0 cur_alloc_size=0: -EIO
[   80.470942] BTRFS error (device vdc state E): cow_file_range failed, root=5 inode=1149 start=0 len=32768 cur_offset=0 cur_alloc_size=0: -EIO
[   80.472769] BTRFS error (device vdc state E): cow_file_range failed, root=5 inode=1150 start=0 len=32768 cur_offset=0 cur_alloc_size=0: -EIO
[   80.474554] BTRFS error (device vdc state E): cow_file_range failed, root=5 inode=1151 start=0 len=32768 cur_offset=0 cur_alloc_size=0: -EIO
[   80.476420] BTRFS error (device vdc state E): cow_file_range failed, root=5 inode=1152 start=0 len=32768 cur_offset=0 cur_alloc_size=0: -EIO
[   80.478219] BTRFS error (device vdc state E): cow_file_range failed, root=5 inode=1153 start=0 len=32768 cur_offset=0 cur_alloc_size=0: -EIO
[   80.480015] BTRFS error (device vdc state E): cow_file_range failed, root=5 inode=1154 start=0 len=32768 cur_offset=0 cur_alloc_size=0: -EIO
[   80.481799] BTRFS error (device vdc state E): cow_file_range failed, root=5 inode=1155 start=0 len=32768 cur_offset=0 cur_alloc_size=0: -EIO
[   80.483685] BTRFS error (device vdc state E): cow_file_range failed, root=5 inode=1156 start=0 len=32768 cur_offset=0 cur_alloc_size=0: -EIO
[   80.485483] BTRFS error (device vdc state E): cow_file_range failed, root=5 inode=1157 start=0 len=32768 cur_offset=0 cur_alloc_size=0: -EIO
[   80.487316] BTRFS error (device vdc state E): cow_file_range failed, root=5 inode=1158 start=0 len=32768 cur_offset=0 cur_alloc_size=0: -EIO
[   80.489078] BTRFS error (device vdc state E): cow_file_range failed, root=5 inode=1159 start=0 len=32768 cur_offset=0 cur_alloc_size=0: -EIO
[   80.490878] BTRFS error (device vdc state E): cow_file_range failed, root=5 inode=1160 start=0 len=32768 cur_offset=0 cur_alloc_size=0: -EIO
[   80.492719] BTRFS error (device vdc state E): cow_file_range failed, root=5 inode=1161 start=0 len=32768 cur_offset=0 cur_alloc_size=0: -EIO
[   80.494513] BTRFS error (device vdc state E): cow_file_range failed, root=5 inode=1162 start=0 len=32768 cur_offset=0 cur_alloc_size=0: -EIO
[   80.496363] BTRFS error (device vdc state E): cow_file_range failed, root=5 inode=1163 start=0 len=32768 cur_offset=0 cur_alloc_size=0: -EIO
[   80.498155] BTRFS error (device vdc state E): cow_file_range failed, root=5 inode=1164 start=0 len=32768 cur_offset=0 cur_alloc_size=0: -EIO
[   80.499973] BTRFS error (device vdc state E): cow_file_range failed, root=5 inode=1165 start=0 len=32768 cur_offset=0 cur_alloc_size=0: -EIO
[   80.501814] BTRFS error (device vdc state E): cow_file_range failed, root=5 inode=1166 start=0 len=32768 cur_offset=0 cur_alloc_size=0: -EIO
[   80.503589] BTRFS error (device vdc state E): cow_file_range failed, root=5 inode=1167 start=0 len=32768 cur_offset=0 cur_alloc_size=0: -EIO
[   80.505389] BTRFS error (device vdc state E): cow_file_range failed, root=5 inode=1168 start=0 len=32768 cur_offset=0 cur_alloc_size=0: -EIO
[   80.507173] BTRFS error (device vdc state E): cow_file_range failed, root=5 inode=1169 start=0 len=32768 cur_offset=0 cur_alloc_size=0: -EIO
[   80.509032] BTRFS error (device vdc state E): cow_file_range failed, root=5 inode=1170 start=0 len=32768 cur_offset=0 cur_alloc_size=0: -EIO
[   80.510878] BTRFS error (device vdc state E): cow_file_range failed, root=5 inode=1171 start=0 len=32768 cur_offset=0 cur_alloc_size=0: -EIO
[   80.512675] BTRFS error (device vdc state E): cow_file_range failed, root=5 inode=1172 start=0 len=32768 cur_offset=0 cur_alloc_size=0: -EIO
[   80.514563] BTRFS error (device vdc state E): cow_file_range failed, root=5 inode=1173 start=0 len=32768 cur_offset=0 cur_alloc_size=0: -EIO
[   80.516376] BTRFS error (device vdc state E): cow_file_range failed, root=5 inode=1174 start=0 len=32768 cur_offset=0 cur_alloc_size=0: -EIO
[   80.518202] BTRFS error (device vdc state E): cow_file_range failed, root=5 inode=1175 start=0 len=32768 cur_offset=0 cur_alloc_size=0: -EIO
[   80.520013] BTRFS error (device vdc state E): cow_file_range failed, root=5 inode=1176 start=0 len=32768 cur_offset=0 cur_alloc_size=0: -EIO
[   80.521797] BTRFS error (device vdc state E): cow_file_range failed, root=5 inode=1177 start=0 len=32768 cur_offset=0 cur_alloc_size=0: -EIO
[   80.523625] BTRFS error (device vdc state E): cow_file_range failed, root=5 inode=1178 start=0 len=32768 cur_offset=0 cur_alloc_size=0: -EIO
[   80.525401] BTRFS error (device vdc state E): cow_file_range failed, root=5 inode=1179 start=0 len=32768 cur_offset=0 cur_alloc_size=0: -EIO
[   80.527191] BTRFS error (device vdc state E): cow_file_range failed, root=5 inode=1180 start=0 len=32768 cur_offset=0 cur_alloc_size=0: -EIO
[   80.529016] BTRFS error (device vdc state E): cow_file_range failed, root=5 inode=1181 start=0 len=32768 cur_offset=0 cur_alloc_size=0: -EIO
[   80.530825] BTRFS error (device vdc state E): cow_file_range failed, root=5 inode=1182 start=0 len=32768 cur_offset=0 cur_alloc_size=0: -EIO
[   80.532709] BTRFS error (device vdc state E): cow_file_range failed, root=5 inode=1183 start=0 len=32768 cur_offset=0 cur_alloc_size=0: -EIO
[   80.534491] BTRFS error (device vdc state E): cow_file_range failed, root=5 inode=1184 start=0 len=32768 cur_offset=0 cur_alloc_size=0: -EIO
[   80.536320] BTRFS error (device vdc state E): cow_file_range failed, root=5 inode=1185 start=0 len=32768 cur_offset=0 cur_alloc_size=0: -EIO
[   80.538097] BTRFS error (device vdc state E): cow_file_range failed, root=5 inode=1186 start=0 len=32768 cur_offset=0 cur_alloc_size=0: -EIO
[   80.539937] BTRFS error (device vdc state E): cow_file_range failed, root=5 inode=1187 start=0 len=32768 cur_offset=0 cur_alloc_size=0: -EIO
[   80.541716] BTRFS error (device vdc state E): cow_file_range failed, root=5 inode=1188 start=0 len=32768 cur_offset=0 cur_alloc_size=0: -EIO
[   80.543495] BTRFS error (device vdc state E): cow_file_range failed, root=5 inode=1189 start=0 len=32768 cur_offset=0 cur_alloc_size=0: -EIO
[   80.545352] BTRFS error (device vdc state E): cow_file_range failed, root=5 inode=1190 start=0 len=32768 cur_offset=0 cur_alloc_size=0: -EIO
[   80.547174] BTRFS error (device vdc state E): cow_file_range failed, root=5 inode=1191 start=0 len=32768 cur_offset=0 cur_alloc_size=0: -EIO
[   80.548988] BTRFS error (device vdc state E): cow_file_range failed, root=5 inode=1192 start=0 len=32768 cur_offset=0 cur_alloc_size=0: -EIO
[   80.550783] BTRFS error (device vdc state E): cow_file_range failed, root=5 inode=1193 start=0 len=32768 cur_offset=0 cur_alloc_size=0: -EIO
[   80.552558] BTRFS error (device vdc state E): cow_file_range failed, root=5 inode=1194 start=0 len=32768 cur_offset=0 cur_alloc_size=0: -EIO
[   80.554373] BTRFS error (device vdc state E): cow_file_range failed, root=5 inode=1195 start=0 len=32768 cur_offset=0 cur_alloc_size=0: -EIO
[   80.556172] BTRFS error (device vdc state E): cow_file_range failed, root=5 inode=1196 start=0 len=32768 cur_offset=0 cur_alloc_size=0: -EIO
[   80.557993] BTRFS error (device vdc state E): cow_file_range failed, root=5 inode=1197 start=0 len=32768 cur_offset=0 cur_alloc_size=0: -EIO
[   80.559788] BTRFS error (device vdc state E): cow_file_range failed, root=5 inode=1198 start=0 len=32768 cur_offset=0 cur_alloc_size=0: -EIO
[   80.561633] BTRFS error (device vdc state E): cow_file_range failed, root=5 inode=1199 start=0 len=32768 cur_offset=0 cur_alloc_size=0: -EIO
[   80.563457] BTRFS error (device vdc state E): cow_file_range failed, root=5 inode=1200 start=0 len=32768 cur_offset=0 cur_alloc_size=0: -EIO
[   80.565245] BTRFS error (device vdc state E): cow_file_range failed, root=5 inode=1201 start=0 len=32768 cur_offset=0 cur_alloc_size=0: -EIO
[   80.567044] BTRFS error (device vdc state E): cow_file_range failed, root=5 inode=1202 start=0 len=32768 cur_offset=0 cur_alloc_size=0: -EIO
[   80.568861] BTRFS error (device vdc state E): cow_file_range failed, root=5 inode=1203 start=0 len=32768 cur_offset=0 cur_alloc_size=0: -EIO
[   80.570646] BTRFS error (device vdc state E): cow_file_range failed, root=5 inode=1204 start=0 len=32768 cur_offset=0 cur_alloc_size=0: -EIO
[   80.572482] BTRFS error (device vdc state E): cow_file_range failed, root=5 inode=1205 start=0 len=32768 cur_offset=0 cur_alloc_size=0: -EIO
[   80.574303] BTRFS error (device vdc state E): cow_file_range failed, root=5 inode=1206 start=0 len=32768 cur_offset=0 cur_alloc_size=0: -EIO
[   80.576116] BTRFS error (device vdc state E): cow_file_range failed, root=5 inode=1207 start=0 len=32768 cur_offset=0 cur_alloc_size=0: -EIO
[   80.578035] BTRFS error (device vdc state E): cow_file_range failed, root=5 inode=1208 start=0 len=32768 cur_offset=0 cur_alloc_size=0: -EIO
[   80.579893] BTRFS error (device vdc state E): cow_file_range failed, root=5 inode=1209 start=0 len=32768 cur_offset=0 cur_alloc_size=0: -EIO
[   80.581699] BTRFS error (device vdc state E): cow_file_range failed, root=5 inode=1210 start=0 len=32768 cur_offset=0 cur_alloc_size=0: -EIO
[   80.583549] BTRFS error (device vdc state E): cow_file_range failed, root=5 inode=1211 start=0 len=32768 cur_offset=0 cur_alloc_size=0: -EIO
[   80.585353] BTRFS error (device vdc state E): cow_file_range failed, root=5 inode=1212 start=0 len=32768 cur_offset=0 cur_alloc_size=0: -EIO
[   80.587139] BTRFS error (device vdc state E): cow_file_range failed, root=5 inode=1213 start=0 len=32768 cur_offset=0 cur_alloc_size=0: -EIO
[   80.588956] BTRFS error (device vdc state E): cow_file_range failed, root=5 inode=1214 start=0 len=32768 cur_offset=0 cur_alloc_size=0: -EIO
[   80.596860] BTRFS info (device vdc state E): last unmount of filesystem 57a4b318-0da3-4b7a-897d-f770b9e18c79
[   80.603549] BTRFS: device fsid 57a4b318-0da3-4b7a-897d-f770b9e18c79 devid 1 transid 11 /dev/vdc (253:32) scanned by mount (2817)
[   80.605700] BTRFS info (device vdc): first mount of filesystem 57a4b318-0da3-4b7a-897d-f770b9e18c79
[   80.607019] BTRFS info (device vdc): using crc32c checksum algorithm
[   80.610887] BTRFS info (device vdc): turning on async discard
[   80.611731] BTRFS info (device vdc): enabling free space tree
[   80.615004] BTRFS info (device vdc): last unmount of filesystem 57a4b318-0da3-4b7a-897d-f770b9e18c79
[   80.620080] BTRFS: device fsid 57a4b318-0da3-4b7a-897d-f770b9e18c79 devid 1 transid 11 /dev/vdc (253:32) scanned by mount (2837)
[   80.622263] BTRFS info (device vdc): first mount of filesystem 57a4b318-0da3-4b7a-897d-f770b9e18c79
[   80.623647] BTRFS info (device vdc): using crc32c checksum algorithm
[   80.627560] BTRFS info (device vdc): turning on async discard
[   80.628433] BTRFS info (device vdc): enabling free space tree
[   84.457376] BTRFS info (device vdb): last unmount of filesystem beb0a138-b1d6-4409-8c61-9e466f17fab3
[   84.471247] BTRFS info (device vdc): last unmount of filesystem 57a4b318-0da3-4b7a-897d-f770b9e18c79
[   84.483046] BTRFS: device fsid 57a4b318-0da3-4b7a-897d-f770b9e18c79 devid 1 transid 15 /dev/vdc (253:32) scanned by mount (15734)
[   84.485199] BTRFS info (device vdc): first mount of filesystem 57a4b318-0da3-4b7a-897d-f770b9e18c79
[   84.486501] BTRFS info (device vdc): using crc32c checksum algorithm
[   84.490587] BTRFS info (device vdc): turning on async discard
[   84.491506] BTRFS info (device vdc): enabling free space tree
[   84.495559] BTRFS info (device vdc): last unmount of filesystem 57a4b318-0da3-4b7a-897d-f770b9e18c79
[   84.522356] run fstests generic/046 at 2026-08-01 03:27:43
[   84.596735] BTRFS: device fsid beb0a138-b1d6-4409-8c61-9e466f17fab3 devid 1 transid 14 /dev/vdb (253:16) scanned by mount (15920)
[   84.598945] BTRFS info (device vdb): first mount of filesystem beb0a138-b1d6-4409-8c61-9e466f17fab3
[   84.600441] BTRFS info (device vdb): using crc32c checksum algorithm
[   84.604467] BTRFS info (device vdb): turning on async discard
[   84.605357] BTRFS info (device vdb): enabling free space tree
[   84.665760] BTRFS: device fsid 0d5c2952-24da-496c-9ba5-45749f800722 devid 1 transid 8 /dev/vdc (253:32) scanned by mount (15970)
[   84.668343] BTRFS info (device vdc): first mount of filesystem 0d5c2952-24da-496c-9ba5-45749f800722
[   84.669730] BTRFS info (device vdc): using crc32c checksum algorithm
[   84.673647] BTRFS info (device vdc): checking UUID tree
[   84.674636] BTRFS info (device vdc): turning on async discard
[   84.675609] BTRFS info (device vdc): enabling free space tree
[   84.701966] BTRFS critical (device vdc state E): emergency shutdown
[   84.705365] BTRFS info (device vdc state E): last unmount of filesystem 0d5c2952-24da-496c-9ba5-45749f800722
[   84.757963] BTRFS: device fsid 2c8c270b-a060-4a17-9cf0-ab9ca49da377 devid 1 transid 8 /dev/vdc (253:32) scanned by mount (16018)
[   84.760315] BTRFS info (device vdc): first mount of filesystem 2c8c270b-a060-4a17-9cf0-ab9ca49da377
[   84.761645] BTRFS info (device vdc): using crc32c checksum algorithm
[   84.765409] BTRFS info (device vdc): checking UUID tree
[   84.766297] BTRFS info (device vdc): turning on async discard
[   84.767141] BTRFS info (device vdc): enabling free space tree
[   96.946183] BTRFS critical (device vdc state E): emergency shutdown
[   96.950098] _btrfs_printk: 41 callbacks suppressed
[   96.950116] BTRFS error (device vdc state E): cow_file_range failed, root=5 inode=990 start=0 len=32768 cur_offset=0 cur_alloc_size=0: -EIO
[   96.952647] writepage_delalloc: 121 callbacks suppressed
[   96.952649] BTRFS error (device vdc state E): failed to run delalloc range, root=5 ino=990 folio=0 submit_bitmap=0 start=0 len=32768: -EIO
[   96.955194] BTRFS error (device vdc state E): cow_file_range failed, root=5 inode=991 start=0 len=32768 cur_offset=0 cur_alloc_size=0: -EIO
[   96.956989] BTRFS error (device vdc state E): failed to run delalloc range, root=5 ino=991 folio=0 submit_bitmap=0 start=0 len=32768: -EIO
[   96.958734] BTRFS error (device vdc state E): cow_file_range failed, root=5 inode=992 start=0 len=32768 cur_offset=0 cur_alloc_size=0: -EIO
[   96.960497] BTRFS error (device vdc state E): failed to run delalloc range, root=5 ino=992 folio=0 submit_bitmap=0 start=0 len=32768: -EIO
[   96.962240] BTRFS error (device vdc state E): cow_file_range failed, root=5 inode=993 start=0 len=32768 cur_offset=0 cur_alloc_size=0: -EIO
[   96.964002] BTRFS error (device vdc state E): failed to run delalloc range, root=5 ino=993 folio=0 submit_bitmap=0 start=0 len=32768: -EIO
[   96.965764] BTRFS error (device vdc state E): cow_file_range failed, root=5 inode=994 start=0 len=32768 cur_offset=0 cur_alloc_size=0: -EIO
[   96.967509] BTRFS error (device vdc state E): failed to run delalloc range, root=5 ino=994 folio=0 submit_bitmap=0 start=0 len=32768: -EIO
[   96.969263] BTRFS error (device vdc state E): cow_file_range failed, root=5 inode=995 start=0 len=32768 cur_offset=0 cur_alloc_size=0: -EIO
[   96.970971] BTRFS error (device vdc state E): failed to run delalloc range, root=5 ino=995 folio=0 submit_bitmap=0 start=0 len=32768: -EIO
[   96.972761] BTRFS error (device vdc state E): cow_file_range failed, root=5 inode=996 start=0 len=32768 cur_offset=0 cur_alloc_size=0: -EIO
[   96.974533] BTRFS error (device vdc state E): failed to run delalloc range, root=5 ino=996 folio=0 submit_bitmap=0 start=0 len=32768: -EIO
[   96.976298] BTRFS error (device vdc state E): cow_file_range failed, root=5 inode=997 start=0 len=32768 cur_offset=0 cur_alloc_size=0: -EIO
[   96.978029] BTRFS error (device vdc state E): failed to run delalloc range, root=5 ino=997 folio=0 submit_bitmap=0 start=0 len=32768: -EIO
[   96.979790] BTRFS error (device vdc state E): cow_file_range failed, root=5 inode=998 start=0 len=32768 cur_offset=0 cur_alloc_size=0: -EIO
[   96.981588] BTRFS error (device vdc state E): failed to run delalloc range, root=5 ino=998 folio=0 submit_bitmap=0 start=0 len=32768: -EIO
[   96.983345] BTRFS error (device vdc state E): cow_file_range failed, root=5 inode=999 start=0 len=32768 cur_offset=0 cur_alloc_size=0: -EIO
[   96.985065] BTRFS error (device vdc state E): failed to run delalloc range, root=5 ino=999 folio=0 submit_bitmap=0 start=0 len=32768: -EIO
[   96.986873] BTRFS error (device vdc state E): cow_file_range failed, root=5 inode=1000 start=0 len=32768 cur_offset=0 cur_alloc_size=0: -EIO
[   96.988688] BTRFS error (device vdc state E): cow_file_range failed, root=5 inode=1001 start=0 len=32768 cur_offset=0 cur_alloc_size=0: -EIO
[   96.990471] BTRFS error (device vdc state E): cow_file_range failed, root=5 inode=1002 start=0 len=32768 cur_offset=0 cur_alloc_size=0: -EIO
[   96.992292] BTRFS error (device vdc state E): cow_file_range failed, root=5 inode=1003 start=0 len=32768 cur_offset=0 cur_alloc_size=0: -EIO
[   96.994072] BTRFS error (device vdc state E): cow_file_range failed, root=5 inode=1004 start=0 len=32768 cur_offset=0 cur_alloc_size=0: -EIO
[   96.995866] BTRFS error (device vdc state E): cow_file_range failed, root=5 inode=1005 start=0 len=32768 cur_offset=0 cur_alloc_size=0: -EIO
[   96.997707] BTRFS error (device vdc state E): cow_file_range failed, root=5 inode=1006 start=0 len=32768 cur_offset=0 cur_alloc_size=0: -EIO
[   96.999500] BTRFS error (device vdc state E): cow_file_range failed, root=5 inode=1007 start=0 len=32768 cur_offset=0 cur_alloc_size=0: -EIO
[   97.001327] BTRFS error (device vdc state E): cow_file_range failed, root=5 inode=1008 start=0 len=32768 cur_offset=0 cur_alloc_size=0: -EIO
[   97.003104] BTRFS error (device vdc state E): cow_file_range failed, root=5 inode=1009 start=0 len=32768 cur_offset=0 cur_alloc_size=0: -EIO
[   97.004874] BTRFS error (device vdc state E): cow_file_range failed, root=5 inode=1010 start=0 len=32768 cur_offset=0 cur_alloc_size=0: -EIO
[   97.006680] BTRFS error (device vdc state E): cow_file_range failed, root=5 inode=1011 start=0 len=32768 cur_offset=0 cur_alloc_size=0: -EIO
[   97.008477] BTRFS error (device vdc state E): cow_file_range failed, root=5 inode=1012 start=0 len=32768 cur_offset=0 cur_alloc_size=0: -EIO
[   97.010262] BTRFS error (device vdc state E): cow_file_range failed, root=5 inode=1013 start=0 len=32768 cur_offset=0 cur_alloc_size=0: -EIO
[   97.012106] BTRFS error (device vdc state E): cow_file_range failed, root=5 inode=1014 start=0 len=32768 cur_offset=0 cur_alloc_size=0: -EIO
[   97.013863] BTRFS error (device vdc state E): cow_file_range failed, root=5 inode=1015 start=0 len=32768 cur_offset=0 cur_alloc_size=0: -EIO
[   97.015642] BTRFS error (device vdc state E): cow_file_range failed, root=5 inode=1016 start=0 len=32768 cur_offset=0 cur_alloc_size=0: -EIO
[   97.017479] BTRFS error (device vdc state E): cow_file_range failed, root=5 inode=1017 start=0 len=32768 cur_offset=0 cur_alloc_size=0: -EIO
[   97.019269] BTRFS error (device vdc state E): cow_file_range failed, root=5 inode=1018 start=0 len=32768 cur_offset=0 cur_alloc_size=0: -EIO
[   97.021030] BTRFS error (device vdc state E): cow_file_range failed, root=5 inode=1019 start=0 len=32768 cur_offset=0 cur_alloc_size=0: -EIO
[   97.022811] BTRFS error (device vdc state E): cow_file_range failed, root=5 inode=1020 start=0 len=32768 cur_offset=0 cur_alloc_size=0: -EIO
[   97.024664] BTRFS error (device vdc state E): cow_file_range failed, root=5 inode=1021 start=0 len=32768 cur_offset=0 cur_alloc_size=0: -EIO
[   97.026443] BTRFS error (device vdc state E): cow_file_range failed, root=5 inode=1022 start=0 len=32768 cur_offset=0 cur_alloc_size=0: -EIO
[   97.028253] BTRFS error (device vdc state E): cow_file_range failed, root=5 inode=1023 start=0 len=32768 cur_offset=0 cur_alloc_size=0: -EIO
[   97.030023] BTRFS error (device vdc state E): cow_file_range failed, root=5 inode=1024 start=0 len=32768 cur_offset=0 cur_alloc_size=0: -EIO
[   97.031849] BTRFS error (device vdc state E): cow_file_range failed, root=5 inode=1025 start=0 len=32768 cur_offset=0 cur_alloc_size=0: -EIO
[   97.033614] BTRFS error (device vdc state E): cow_file_range failed, root=5 inode=1026 start=0 len=32768 cur_offset=0 cur_alloc_size=0: -EIO
[   97.035388] BTRFS error (device vdc state E): cow_file_range failed, root=5 inode=1027 start=0 len=32768 cur_offset=0 cur_alloc_size=0: -EIO
[   97.037157] BTRFS error (device vdc state E): cow_file_range failed, root=5 inode=1028 start=0 len=32768 cur_offset=0 cur_alloc_size=0: -EIO
[   97.038921] BTRFS error (device vdc state E): cow_file_range failed, root=5 inode=1029 start=0 len=32768 cur_offset=0 cur_alloc_size=0: -EIO
[   97.040708] BTRFS error (device vdc state E): cow_file_range failed, root=5 inode=1030 start=0 len=32768 cur_offset=0 cur_alloc_size=0: -EIO
[   97.042473] BTRFS error (device vdc state E): cow_file_range failed, root=5 inode=1031 start=0 len=32768 cur_offset=0 cur_alloc_size=0: -EIO
[   97.044307] BTRFS error (device vdc state E): cow_file_range failed, root=5 inode=1032 start=0 len=32768 cur_offset=0 cur_alloc_size=0: -EIO
[   97.046096] BTRFS error (device vdc state E): cow_file_range failed, root=5 inode=1033 start=0 len=32768 cur_offset=0 cur_alloc_size=0: -EIO
[   97.047929] BTRFS error (device vdc state E): cow_file_range failed, root=5 inode=1034 start=0 len=32768 cur_offset=0 cur_alloc_size=0: -EIO
[   97.049727] BTRFS error (device vdc state E): cow_file_range failed, root=5 inode=1035 start=0 len=32768 cur_offset=0 cur_alloc_size=0: -EIO
[   97.051527] BTRFS error (device vdc state E): cow_file_range failed, root=5 inode=1036 start=0 len=32768 cur_offset=0 cur_alloc_size=0: -EIO
[   97.053308] BTRFS error (device vdc state E): cow_file_range failed, root=5 inode=1037 start=0 len=32768 cur_offset=0 cur_alloc_size=0: -EIO
[   97.055057] BTRFS error (device vdc state E): cow_file_range failed, root=5 inode=1038 start=0 len=32768 cur_offset=0 cur_alloc_size=0: -EIO
[   97.056897] BTRFS error (device vdc state E): cow_file_range failed, root=5 inode=1039 start=0 len=32768 cur_offset=0 cur_alloc_size=0: -EIO
[   97.058716] BTRFS error (device vdc state E): cow_file_range failed, root=5 inode=1040 start=0 len=32768 cur_offset=0 cur_alloc_size=0: -EIO
[   97.060526] BTRFS error (device vdc state E): cow_file_range failed, root=5 inode=1041 start=0 len=32768 cur_offset=0 cur_alloc_size=0: -EIO
[   97.062353] BTRFS error (device vdc state E): cow_file_range failed, root=5 inode=1042 start=0 len=32768 cur_offset=0 cur_alloc_size=0: -EIO
[   97.064150] BTRFS error (device vdc state E): cow_file_range failed, root=5 inode=1043 start=0 len=32768 cur_offset=0 cur_alloc_size=0: -EIO
[   97.065963] BTRFS error (device vdc state E): cow_file_range failed, root=5 inode=1044 start=0 len=32768 cur_offset=0 cur_alloc_size=0: -EIO
[   97.067745] BTRFS error (device vdc state E): cow_file_range failed, root=5 inode=1045 start=0 len=32768 cur_offset=0 cur_alloc_size=0: -EIO
[   97.069510] BTRFS error (device vdc state E): cow_file_range failed, root=5 inode=1046 start=0 len=32768 cur_offset=0 cur_alloc_size=0: -EIO
[   97.071257] BTRFS error (device vdc state E): cow_file_range failed, root=5 inode=1047 start=0 len=32768 cur_offset=0 cur_alloc_size=0: -EIO
[   97.073027] BTRFS error (device vdc state E): cow_file_range failed, root=5 inode=1048 start=0 len=32768 cur_offset=0 cur_alloc_size=0: -EIO
[   97.074872] BTRFS error (device vdc state E): cow_file_range failed, root=5 inode=1049 start=0 len=32768 cur_offset=0 cur_alloc_size=0: -EIO
[   97.076685] BTRFS error (device vdc state E): cow_file_range failed, root=5 inode=1050 start=0 len=32768 cur_offset=0 cur_alloc_size=0: -EIO
[   97.078472] BTRFS error (device vdc state E): cow_file_range failed, root=5 inode=1051 start=0 len=32768 cur_offset=0 cur_alloc_size=0: -EIO
[   97.080249] BTRFS error (device vdc state E): cow_file_range failed, root=5 inode=1052 start=0 len=32768 cur_offset=0 cur_alloc_size=0: -EIO
[   97.082012] BTRFS error (device vdc state E): cow_file_range failed, root=5 inode=1053 start=0 len=32768 cur_offset=0 cur_alloc_size=0: -EIO
[   97.083801] BTRFS error (device vdc state E): cow_file_range failed, root=5 inode=1054 start=0 len=32768 cur_offset=0 cur_alloc_size=0: -EIO
[   97.085580] BTRFS error (device vdc state E): cow_file_range failed, root=5 inode=1055 start=0 len=32768 cur_offset=0 cur_alloc_size=0: -EIO
[   97.087359] BTRFS error (device vdc state E): cow_file_range failed, root=5 inode=1056 start=0 len=32768 cur_offset=0 cur_alloc_size=0: -EIO
[   97.089109] BTRFS error (device vdc state E): cow_file_range failed, root=5 inode=1057 start=0 len=32768 cur_offset=0 cur_alloc_size=0: -EIO
[   97.090907] BTRFS error (device vdc state E): cow_file_range failed, root=5 inode=1058 start=0 len=32768 cur_offset=0 cur_alloc_size=0: -EIO
[   97.092745] BTRFS error (device vdc state E): cow_file_range failed, root=5 inode=1059 start=0 len=32768 cur_offset=0 cur_alloc_size=0: -EIO
[   97.094541] BTRFS error (device vdc state E): cow_file_range failed, root=5 inode=1060 start=0 len=32768 cur_offset=0 cur_alloc_size=0: -EIO
[   97.096384] BTRFS error (device vdc state E): cow_file_range failed, root=5 inode=1061 start=0 len=32768 cur_offset=0 cur_alloc_size=0: -EIO
[   97.098149] BTRFS error (device vdc state E): cow_file_range failed, root=5 inode=1062 start=0 len=32768 cur_offset=0 cur_alloc_size=0: -EIO
[   97.099932] BTRFS error (device vdc state E): cow_file_range failed, root=5 inode=1063 start=0 len=32768 cur_offset=0 cur_alloc_size=0: -EIO
[   97.101705] BTRFS error (device vdc state E): cow_file_range failed, root=5 inode=1064 start=0 len=32768 cur_offset=0 cur_alloc_size=0: -EIO
[   97.103494] BTRFS error (device vdc state E): cow_file_range failed, root=5 inode=1065 start=0 len=32768 cur_offset=0 cur_alloc_size=0: -EIO
[   97.105324] BTRFS error (device vdc state E): cow_file_range failed, root=5 inode=1066 start=0 len=32768 cur_offset=0 cur_alloc_size=0: -EIO
[   97.107119] BTRFS error (device vdc state E): cow_file_range failed, root=5 inode=1067 start=0 len=32768 cur_offset=0 cur_alloc_size=0: -EIO
[   97.108894] BTRFS error (device vdc state E): cow_file_range failed, root=5 inode=1068 start=0 len=32768 cur_offset=0 cur_alloc_size=0: -EIO
[   97.110671] BTRFS error (device vdc state E): cow_file_range failed, root=5 inode=1069 start=0 len=32768 cur_offset=0 cur_alloc_size=0: -EIO
[   97.112450] BTRFS error (device vdc state E): cow_file_range failed, root=5 inode=1070 start=0 len=32768 cur_offset=0 cur_alloc_size=0: -EIO
[   97.114247] BTRFS error (device vdc state E): cow_file_range failed, root=5 inode=1071 start=0 len=32768 cur_offset=0 cur_alloc_size=0: -EIO
[   97.116023] BTRFS error (device vdc state E): cow_file_range failed, root=5 inode=1072 start=0 len=32768 cur_offset=0 cur_alloc_size=0: -EIO
[   97.117873] BTRFS error (device vdc state E): cow_file_range failed, root=5 inode=1073 start=0 len=32768 cur_offset=0 cur_alloc_size=0: -EIO
[   97.119654] BTRFS error (device vdc state E): cow_file_range failed, root=5 inode=1074 start=0 len=32768 cur_offset=0 cur_alloc_size=0: -EIO
[   97.121443] BTRFS error (device vdc state E): cow_file_range failed, root=5 inode=1075 start=0 len=32768 cur_offset=0 cur_alloc_size=0: -EIO
[   97.123252] BTRFS error (device vdc state E): cow_file_range failed, root=5 inode=1076 start=0 len=32768 cur_offset=0 cur_alloc_size=0: -EIO
[   97.125061] BTRFS error (device vdc state E): cow_file_range failed, root=5 inode=1077 start=0 len=32768 cur_offset=0 cur_alloc_size=0: -EIO
[   97.126882] BTRFS error (device vdc state E): cow_file_range failed, root=5 inode=1078 start=0 len=32768 cur_offset=0 cur_alloc_size=0: -EIO
[   97.128703] BTRFS error (device vdc state E): cow_file_range failed, root=5 inode=1079 start=0 len=32768 cur_offset=0 cur_alloc_size=0: -EIO
[   97.137708] BTRFS info (device vdc state E): last unmount of filesystem 2c8c270b-a060-4a17-9cf0-ab9ca49da377
[   97.143685] BTRFS: device fsid 2c8c270b-a060-4a17-9cf0-ab9ca49da377 devid 1 transid 11 /dev/vdc (253:32) scanned by mount (20037)
[   97.145764] BTRFS info (device vdc): first mount of filesystem 2c8c270b-a060-4a17-9cf0-ab9ca49da377
[   97.147072] BTRFS info (device vdc): using crc32c checksum algorithm
[   97.151384] BTRFS info (device vdc): turning on async discard
[   97.152263] BTRFS info (device vdc): enabling free space tree
[   97.155554] BTRFS info (device vdc): last unmount of filesystem 2c8c270b-a060-4a17-9cf0-ab9ca49da377
[   97.160874] BTRFS: device fsid 2c8c270b-a060-4a17-9cf0-ab9ca49da377 devid 1 transid 11 /dev/vdc (253:32) scanned by mount (20057)
[   97.162884] BTRFS info (device vdc): first mount of filesystem 2c8c270b-a060-4a17-9cf0-ab9ca49da377
[   97.164188] BTRFS info (device vdc): using crc32c checksum algorithm
[   97.168164] BTRFS info (device vdc): turning on async discard
[   97.169034] BTRFS info (device vdc): enabling free space tree
[   99.689709] BTRFS info (device vdb): last unmount of filesystem beb0a138-b1d6-4409-8c61-9e466f17fab3
[   99.704288] BTRFS info (device vdc): last unmount of filesystem 2c8c270b-a060-4a17-9cf0-ab9ca49da377
[   99.712978] BTRFS: device fsid 2c8c270b-a060-4a17-9cf0-ab9ca49da377 devid 1 transid 14 /dev/vdc (253:32) scanned by mount (26819)
[   99.715492] BTRFS info (device vdc): first mount of filesystem 2c8c270b-a060-4a17-9cf0-ab9ca49da377
[   99.716908] BTRFS info (device vdc): using crc32c checksum algorithm
[   99.721208] BTRFS info (device vdc): turning on async discard
[   99.722095] BTRFS info (device vdc): enabling free space tree
[   99.726138] BTRFS info (device vdc): last unmount of filesystem 2c8c270b-a060-4a17-9cf0-ab9ca49da377
QITER 2 rc=1 Failures: generic/044 generic/045 generic/046
Ran: generic/044 generic/045 generic/046
Failed 3 of 3 tests
---- /tmp/xfstests/results/generic/044.out.bad ----
QA output created by 044
corrupt file /mnt/scratch/803 - non-zero size but no extents
corrupt file /mnt/scratch/804 - non-zero size but no extents
corrupt file /mnt/scratch/805 - non-zero size but no extents
corrupt file /mnt/scratch/806 - non-zero size but no extents
corrupt file /mnt/scratch/807 - non-zero size but no extents
corrupt file /mnt/scratch/808 - non-zero size but no extents
corrupt file /mnt/scratch/809 - non-zero size but no extents
corrupt file /mnt/scratch/810 - non-zero size but no extents
corrupt file /mnt/scratch/811 - non-zero size but no extents
corrupt file /mnt/scratch/812 - non-zero size but no extents
corrupt file /mnt/scratch/813 - non-zero size but no extents
corrupt file /mnt/scratch/814 - non-zero size but no extents
corrupt file /mnt/scratch/815 - non-zero size but no extents
corrupt file /mnt/scratch/816 - non-zero size but no extents
corrupt file /mnt/scratch/817 - non-zero size but no extents
corrupt file /mnt/scratch/818 - non-zero size but no extents
corrupt file /mnt/scratch/819 - non-zero size but no extents
corrupt file /mnt/scratch/820 - non-zero size but no extents
corrupt file /mnt/scratch/821 - non-zero size but no extents
corrupt file /mnt/scratch/822 - non-zero size but no extents
corrupt file /mnt/scratch/823 - non-zero size but no extents
corrupt file /mnt/scratch/824 - non-zero size but no extents
corrupt file /mnt/scratch/825 - non-zero size but no extents
corrupt file /mnt/scratch/826 - non-zero size but no extents
---- /tmp/xfstests/results/generic/045.out.bad ----
QA output created by 045
corrupt file /mnt/scratch/869 - non-zero size but no extents
corrupt file /mnt/scratch/870 - non-zero size but no extents
corrupt file /mnt/scratch/871 - non-zero size but no extents
corrupt file /mnt/scratch/872 - non-zero size but no extents
corrupt file /mnt/scratch/873 - non-zero size but no extents
corrupt file /mnt/scratch/874 - non-zero size but no extents
corrupt file /mnt/scratch/875 - non-zero size but no extents
corrupt file /mnt/scratch/876 - non-zero size but no extents
corrupt file /mnt/scratch/877 - non-zero size but no extents
corrupt file /mnt/scratch/878 - non-zero size but no extents
corrupt file /mnt/scratch/879 - non-zero size but no extents
corrupt file /mnt/scratch/880 - non-zero size but no extents
corrupt file /mnt/scratch/881 - non-zero size but no extents
corrupt file /mnt/scratch/882 - non-zero size but no extents
corrupt file /mnt/scratch/883 - non-zero size but no extents
corrupt file /mnt/scratch/884 - non-zero size but no extents
corrupt file /mnt/scratch/885 - non-zero size but no extents
corrupt file /mnt/scratch/886 - non-zero size but no extents
corrupt file /mnt/scratch/887 - non-zero size but no extents
corrupt file /mnt/scratch/888 - non-zero size but no extents
corrupt file /mnt/scratch/889 - non-zero size but no extents
corrupt file /mnt/scratch/890 - non-zero size but no extents
corrupt file /mnt/scratch/891 - non-zero size but no extents
corrupt file /mnt/scratch/892 - non-zero size but no extents
---- /tmp/xfstests/results/generic/046.out.bad ----
QA output created by 046
corrupt file /mnt/scratch/734 - non-zero size but no extents
corrupt file /mnt/scratch/735 - non-zero size but no extents
corrupt file /mnt/scratch/736 - non-zero size but no extents
corrupt file /mnt/scratch/737 - non-zero size but no extents
corrupt file /mnt/scratch/738 - non-zero size but no extents
corrupt file /mnt/scratch/739 - non-zero size but no extents
corrupt file /mnt/scratch/740 - non-zero size but no extents
corrupt file /mnt/scratch/741 - non-zero size but no extents
corrupt file /mnt/scratch/742 - non-zero size but no extents
corrupt file /mnt/scratch/743 - non-zero size but no extents
corrupt file /mnt/scratch/744 - non-zero size but no extents
corrupt file /mnt/scratch/745 - non-zero size but no extents
corrupt file /mnt/scratch/746 - non-zero size but no extents
corrupt file /mnt/scratch/747 - non-zero size but no extents
corrupt file /mnt/scratch/748 - non-zero size but no extents
corrupt file /mnt/scratch/749 - non-zero size but no extents
corrupt file /mnt/scratch/750 - non-zero size but no extents
corrupt file /mnt/scratch/751 - non-zero size but no extents
corrupt file /mnt/scratch/752 - non-zero size but no extents
corrupt file /mnt/scratch/753 - non-zero size but no extents
corrupt file /mnt/scratch/754 - non-zero size but no extents
corrupt file /mnt/scratch/755 - non-zero size but no extents
corrupt file /mnt/scratch/756 - non-zero size but no extents
corrupt file /mnt/scratch/757 - non-zero size but no extents
[   99.856163] BTRFS: device fsid beb0a138-b1d6-4409-8c61-9e466f17fab3 devid 1 transid 15 /dev/vdb (253:16) scanned by mount (27019)
[   99.858346] BTRFS info (device vdb): first mount of filesystem beb0a138-b1d6-4409-8c61-9e466f17fab3
[   99.859819] BTRFS info (device vdb): using crc32c checksum algorithm
[   99.863675] BTRFS info (device vdb): turning on async discard
[   99.864572] BTRFS info (device vdb): enabling free space tree
[   99.957492] BTRFS: device fsid a6754dd0-7fad-4bbf-a98b-0ec4732d8745 devid 1 transid 8 /dev/vdc (253:32) scanned by mount (27111)
[   99.959600] BTRFS info (device vdc): first mount of filesystem a6754dd0-7fad-4bbf-a98b-0ec4732d8745
[   99.960918] BTRFS info (device vdc): using crc32c checksum algorithm
[   99.965073] BTRFS info (device vdc): checking UUID tree
[   99.965950] BTRFS info (device vdc): turning on async discard
[   99.966769] BTRFS info (device vdc): enabling free space tree
[   99.972753] BTRFS info (device vdc): last unmount of filesystem a6754dd0-7fad-4bbf-a98b-0ec4732d8745
[   99.982245] BTRFS info (device vdb): last unmount of filesystem beb0a138-b1d6-4409-8c61-9e466f17fab3
[   99.990259] BTRFS: device fsid beb0a138-b1d6-4409-8c61-9e466f17fab3 devid 1 transid 15 /dev/vdb (253:16) scanned by mount (27145)
[   99.992352] BTRFS info (device vdb): first mount of filesystem beb0a138-b1d6-4409-8c61-9e466f17fab3
[   99.993688] BTRFS info (device vdb): using crc32c checksum algorithm
[   99.997690] BTRFS info (device vdb): turning on async discard
[   99.998543] BTRFS info (device vdb): enabling free space tree
[  100.007694] run fstests generic/044 at 2026-08-01 03:27:59
[  100.136083] BTRFS: device fsid 873355b5-b0cb-4db3-80f1-7c5a77b6ebca devid 1 transid 8 /dev/vdc (253:32) scanned by mount (27344)
[  100.138269] BTRFS info (device vdc): first mount of filesystem 873355b5-b0cb-4db3-80f1-7c5a77b6ebca
[  100.139564] BTRFS info (device vdc): using crc32c checksum algorithm
[  100.143113] BTRFS info (device vdc): checking UUID tree
[  100.143982] BTRFS info (device vdc): turning on async discard
[  100.144780] BTRFS info (device vdc): enabling free space tree
[  100.175949] BTRFS critical (device vdc state E): emergency shutdown
[  100.179135] BTRFS info (device vdc state E): last unmount of filesystem 873355b5-b0cb-4db3-80f1-7c5a77b6ebca
[  100.232265] BTRFS: device fsid c2dba2f9-7a76-41a8-bfe5-dcc88da22894 devid 1 transid 8 /dev/vdc (253:32) scanned by mount (27392)
[  100.234276] BTRFS info (device vdc): first mount of filesystem c2dba2f9-7a76-41a8-bfe5-dcc88da22894
[  100.235595] BTRFS info (device vdc): using crc32c checksum algorithm
[  100.239235] BTRFS info (device vdc): checking UUID tree
[  100.240069] BTRFS info (device vdc): turning on async discard
[  100.240886] BTRFS info (device vdc): enabling free space tree
[  111.932063] clocksource: Watchdog remote CPU 2 read timed out
[  112.474756] BTRFS critical (device vdc state E): emergency shutdown
[  112.479490] _btrfs_printk: 176 callbacks suppressed
[  112.479492] BTRFS error (device vdc state E): cow_file_range failed, root=5 inode=1226 start=0 len=65536 cur_offset=0 cur_alloc_size=0: -EIO
[  112.482167] writepage_delalloc: 256 callbacks suppressed
[  112.482169] BTRFS error (device vdc state E): failed to run delalloc range, root=5 ino=1226 folio=0 submit_bitmap=0 start=0 len=65536: -EIO
[  112.484903] BTRFS error (device vdc state E): cow_file_range failed, root=5 inode=1227 start=0 len=65536 cur_offset=0 cur_alloc_size=0: -EIO
[  112.486753] BTRFS error (device vdc state E): failed to run delalloc range, root=5 ino=1227 folio=0 submit_bitmap=0 start=0 len=65536: -EIO
[  112.488698] BTRFS error (device vdc state E): cow_file_range failed, root=5 inode=1228 start=0 len=65536 cur_offset=0 cur_alloc_size=0: -EIO
[  112.490609] BTRFS error (device vdc state E): failed to run delalloc range, root=5 ino=1228 folio=0 submit_bitmap=0 start=0 len=65536: -EIO
[  112.492521] BTRFS error (device vdc state E): cow_file_range failed, root=5 inode=1229 start=0 len=65536 cur_offset=0 cur_alloc_size=0: -EIO
[  112.494381] BTRFS error (device vdc state E): failed to run delalloc range, root=5 ino=1229 folio=0 submit_bitmap=0 start=0 len=65536: -EIO
[  112.496273] BTRFS error (device vdc state E): cow_file_range failed, root=5 inode=1230 start=0 len=65536 cur_offset=0 cur_alloc_size=0: -EIO
[  112.498186] BTRFS error (device vdc state E): failed to run delalloc range, root=5 ino=1230 folio=0 submit_bitmap=0 start=0 len=65536: -EIO
[  112.500160] BTRFS error (device vdc state E): cow_file_range failed, root=5 inode=1231 start=0 len=65536 cur_offset=0 cur_alloc_size=0: -EIO
[  112.502018] BTRFS error (device vdc state E): failed to run delalloc range, root=5 ino=1231 folio=0 submit_bitmap=0 start=0 len=65536: -EIO
[  112.503925] BTRFS error (device vdc state E): cow_file_range failed, root=5 inode=1232 start=0 len=65536 cur_offset=0 cur_alloc_size=0: -EIO
[  112.505784] BTRFS error (device vdc state E): failed to run delalloc range, root=5 ino=1232 folio=0 submit_bitmap=0 start=0 len=65536: -EIO
[  112.507677] BTRFS error (device vdc state E): cow_file_range failed, root=5 inode=1233 start=0 len=65536 cur_offset=0 cur_alloc_size=0: -EIO
[  112.509560] BTRFS error (device vdc state E): failed to run delalloc range, root=5 ino=1233 folio=0 submit_bitmap=0 start=0 len=65536: -EIO
[  112.511476] BTRFS error (device vdc state E): cow_file_range failed, root=5 inode=1234 start=0 len=65536 cur_offset=0 cur_alloc_size=0: -EIO
[  112.513335] BTRFS error (device vdc state E): failed to run delalloc range, root=5 ino=1234 folio=0 submit_bitmap=0 start=0 len=65536: -EIO
[  112.515218] BTRFS error (device vdc state E): cow_file_range failed, root=5 inode=1235 start=0 len=65536 cur_offset=0 cur_alloc_size=0: -EIO
[  112.517229] BTRFS error (device vdc state E): failed to run delalloc range, root=5 ino=1235 folio=0 submit_bitmap=0 start=0 len=65536: -EIO
[  112.519142] BTRFS error (device vdc state E): cow_file_range failed, root=5 inode=1236 start=0 len=65536 cur_offset=0 cur_alloc_size=0: -EIO
[  112.521075] BTRFS error (device vdc state E): cow_file_range failed, root=5 inode=1237 start=0 len=65536 cur_offset=0 cur_alloc_size=0: -EIO
[  112.522978] BTRFS error (device vdc state E): cow_file_range failed, root=5 inode=1238 start=0 len=65536 cur_offset=0 cur_alloc_size=0: -EIO
[  112.524897] BTRFS error (device vdc state E): cow_file_range failed, root=5 inode=1239 start=0 len=65536 cur_offset=0 cur_alloc_size=0: -EIO
[  112.526865] BTRFS error (device vdc state E): cow_file_range failed, root=5 inode=1240 start=0 len=65536 cur_offset=0 cur_alloc_size=0: -EIO
[  112.528784] BTRFS error (device vdc state E): cow_file_range failed, root=5 inode=1241 start=0 len=65536 cur_offset=0 cur_alloc_size=0: -EIO
[  112.530679] BTRFS error (device vdc state E): cow_file_range failed, root=5 inode=1242 start=0 len=65536 cur_offset=0 cur_alloc_size=0: -EIO
[  112.532560] BTRFS error (device vdc state E): cow_file_range failed, root=5 inode=1243 start=0 len=65536 cur_offset=0 cur_alloc_size=0: -EIO
[  112.534345] BTRFS error (device vdc state E): cow_file_range failed, root=5 inode=1244 start=0 len=65536 cur_offset=0 cur_alloc_size=0: -EIO
[  112.536139] BTRFS error (device vdc state E): cow_file_range failed, root=5 inode=1245 start=0 len=65536 cur_offset=0 cur_alloc_size=0: -EIO
[  112.537884] BTRFS error (device vdc state E): cow_file_range failed, root=5 inode=1246 start=0 len=65536 cur_offset=0 cur_alloc_size=0: -EIO
[  112.539659] BTRFS error (device vdc state E): cow_file_range failed, root=5 inode=1247 start=0 len=65536 cur_offset=0 cur_alloc_size=0: -EIO
[  112.541469] BTRFS error (device vdc state E): cow_file_range failed, root=5 inode=1248 start=0 len=65536 cur_offset=0 cur_alloc_size=0: -EIO
[  112.543259] BTRFS error (device vdc state E): cow_file_range failed, root=5 inode=1249 start=0 len=65536 cur_offset=0 cur_alloc_size=0: -EIO
[  112.545037] BTRFS error (device vdc state E): cow_file_range failed, root=5 inode=1250 start=0 len=65536 cur_offset=0 cur_alloc_size=0: -EIO
[  112.546870] BTRFS error (device vdc state E): cow_file_range failed, root=5 inode=1251 start=0 len=65536 cur_offset=0 cur_alloc_size=0: -EIO
[  112.548655] BTRFS error (device vdc state E): cow_file_range failed, root=5 inode=1252 start=0 len=65536 cur_offset=0 cur_alloc_size=0: -EIO
[  112.550421] BTRFS error (device vdc state E): cow_file_range failed, root=5 inode=1253 start=0 len=65536 cur_offset=0 cur_alloc_size=0: -EIO
[  112.552244] BTRFS error (device vdc state E): cow_file_range failed, root=5 inode=1254 start=0 len=65536 cur_offset=0 cur_alloc_size=0: -EIO
[  112.553991] BTRFS error (device vdc state E): cow_file_range failed, root=5 inode=1255 start=0 len=65536 cur_offset=0 cur_alloc_size=0: -EIO
[  112.564392] BTRFS info (device vdc state E): last unmount of filesystem c2dba2f9-7a76-41a8-bfe5-dcc88da22894
[  112.570389] BTRFS: device fsid c2dba2f9-7a76-41a8-bfe5-dcc88da22894 devid 1 transid 11 /dev/vdc (253:32) scanned by mount (31411)
[  112.572599] BTRFS info (device vdc): first mount of filesystem c2dba2f9-7a76-41a8-bfe5-dcc88da22894
[  112.573955] BTRFS info (device vdc): using crc32c checksum algorithm
[  112.577979] BTRFS info (device vdc): turning on async discard
[  112.578815] BTRFS info (device vdc): enabling free space tree
[  112.581981] BTRFS info (device vdc): last unmount of filesystem c2dba2f9-7a76-41a8-bfe5-dcc88da22894
[  112.586868] BTRFS: device fsid c2dba2f9-7a76-41a8-bfe5-dcc88da22894 devid 1 transid 11 /dev/vdc (253:32) scanned by mount (31431)
[  112.589067] BTRFS info (device vdc): first mount of filesystem c2dba2f9-7a76-41a8-bfe5-dcc88da22894
[  112.590406] BTRFS info (device vdc): using crc32c checksum algorithm
[  112.594575] BTRFS info (device vdc): turning on async discard
[  112.595518] BTRFS info (device vdc): enabling free space tree
[  116.510017] BTRFS info (device vdb): last unmount of filesystem beb0a138-b1d6-4409-8c61-9e466f17fab3
[  116.528555] BTRFS info (device vdc): last unmount of filesystem c2dba2f9-7a76-41a8-bfe5-dcc88da22894
[  116.536729] BTRFS: device fsid c2dba2f9-7a76-41a8-bfe5-dcc88da22894 devid 1 transid 15 /dev/vdc (253:32) scanned by mount (11960)
[  116.538794] BTRFS info (device vdc): first mount of filesystem c2dba2f9-7a76-41a8-bfe5-dcc88da22894
[  116.540148] BTRFS info (device vdc): using crc32c checksum algorithm
[  116.544070] BTRFS info (device vdc): turning on async discard
[  116.544902] BTRFS info (device vdc): enabling free space tree
[  116.548517] BTRFS info (device vdc): last unmount of filesystem c2dba2f9-7a76-41a8-bfe5-dcc88da22894
[  116.575585] run fstests generic/045 at 2026-08-01 03:28:15
[  116.650236] BTRFS: device fsid beb0a138-b1d6-4409-8c61-9e466f17fab3 devid 1 transid 16 /dev/vdb (253:16) scanned by mount (12146)
[  116.652548] BTRFS info (device vdb): first mount of filesystem beb0a138-b1d6-4409-8c61-9e466f17fab3
[  116.653867] BTRFS info (device vdb): using crc32c checksum algorithm
[  116.657660] BTRFS info (device vdb): turning on async discard
[  116.658545] BTRFS info (device vdb): enabling free space tree
[  116.715232] BTRFS: device fsid d4278c08-e053-499d-9eb7-ab4117c6dc77 devid 1 transid 8 /dev/vdc (253:32) scanned by mount (12196)
[  116.717458] BTRFS info (device vdc): first mount of filesystem d4278c08-e053-499d-9eb7-ab4117c6dc77
[  116.718802] BTRFS info (device vdc): using crc32c checksum algorithm
[  116.722617] BTRFS info (device vdc): checking UUID tree
[  116.723656] BTRFS info (device vdc): turning on async discard
[  116.724599] BTRFS info (device vdc): enabling free space tree
[  116.748936] BTRFS critical (device vdc state E): emergency shutdown
[  116.752402] BTRFS info (device vdc state E): last unmount of filesystem d4278c08-e053-499d-9eb7-ab4117c6dc77
[  116.805710] BTRFS: device fsid 0a845589-944c-49ea-bcdd-2e68eed78a3e devid 1 transid 8 /dev/vdc (253:32) scanned by mount (12244)
[  116.808168] BTRFS info (device vdc): first mount of filesystem 0a845589-944c-49ea-bcdd-2e68eed78a3e
[  116.809454] BTRFS info (device vdc): using crc32c checksum algorithm
[  116.813035] BTRFS info (device vdc): checking UUID tree
[  116.813959] BTRFS info (device vdc): turning on async discard
[  116.814764] BTRFS info (device vdc): enabling free space tree
[  129.047082] BTRFS critical (device vdc state E): emergency shutdown
[  129.051565] BTRFS error (device vdc state E): cow_file_range failed, root=5 inode=1131 start=0 len=32768 cur_offset=0 cur_alloc_size=0: -EIO
[  129.053486] writepage_delalloc: 20 callbacks suppressed
[  129.053488] BTRFS error (device vdc state E): failed to run delalloc range, root=5 ino=1131 folio=0 submit_bitmap=0 start=0 len=32768: -EIO
[  129.056304] BTRFS error (device vdc state E): cow_file_range failed, root=5 inode=1132 start=0 len=32768 cur_offset=0 cur_alloc_size=0: -EIO
[  129.058190] BTRFS error (device vdc state E): failed to run delalloc range, root=5 ino=1132 folio=0 submit_bitmap=0 start=0 len=32768: -EIO
[  129.059949] BTRFS error (device vdc state E): cow_file_range failed, root=5 inode=1133 start=0 len=32768 cur_offset=0 cur_alloc_size=0: -EIO
[  129.061732] BTRFS error (device vdc state E): failed to run delalloc range, root=5 ino=1133 folio=0 submit_bitmap=0 start=0 len=32768: -EIO
[  129.063507] BTRFS error (device vdc state E): cow_file_range failed, root=5 inode=1134 start=0 len=32768 cur_offset=0 cur_alloc_size=0: -EIO
[  129.065234] BTRFS error (device vdc state E): failed to run delalloc range, root=5 ino=1134 folio=0 submit_bitmap=0 start=0 len=32768: -EIO
[  129.067054] BTRFS error (device vdc state E): cow_file_range failed, root=5 inode=1135 start=0 len=32768 cur_offset=0 cur_alloc_size=0: -EIO
[  129.068853] BTRFS error (device vdc state E): failed to run delalloc range, root=5 ino=1135 folio=0 submit_bitmap=0 start=0 len=32768: -EIO
[  129.070614] BTRFS error (device vdc state E): cow_file_range failed, root=5 inode=1136 start=0 len=32768 cur_offset=0 cur_alloc_size=0: -EIO
[  129.072382] BTRFS error (device vdc state E): failed to run delalloc range, root=5 ino=1136 folio=0 submit_bitmap=0 start=0 len=32768: -EIO
[  129.074138] BTRFS error (device vdc state E): cow_file_range failed, root=5 inode=1137 start=0 len=32768 cur_offset=0 cur_alloc_size=0: -EIO
[  129.075900] BTRFS error (device vdc state E): failed to run delalloc range, root=5 ino=1137 folio=0 submit_bitmap=0 start=0 len=32768: -EIO
[  129.077609] BTRFS error (device vdc state E): cow_file_range failed, root=5 inode=1138 start=0 len=32768 cur_offset=0 cur_alloc_size=0: -EIO
[  129.079365] BTRFS error (device vdc state E): failed to run delalloc range, root=5 ino=1138 folio=0 submit_bitmap=0 start=0 len=32768: -EIO
[  129.081128] BTRFS error (device vdc state E): cow_file_range failed, root=5 inode=1139 start=0 len=32768 cur_offset=0 cur_alloc_size=0: -EIO
[  129.082945] BTRFS error (device vdc state E): failed to run delalloc range, root=5 ino=1139 folio=0 submit_bitmap=0 start=0 len=32768: -EIO
[  129.084739] BTRFS error (device vdc state E): cow_file_range failed, root=5 inode=1140 start=0 len=32768 cur_offset=0 cur_alloc_size=0: -EIO
[  129.086493] BTRFS error (device vdc state E): failed to run delalloc range, root=5 ino=1140 folio=0 submit_bitmap=0 start=0 len=32768: -EIO
[  129.088268] BTRFS error (device vdc state E): cow_file_range failed, root=5 inode=1141 start=0 len=32768 cur_offset=0 cur_alloc_size=0: -EIO
[  129.090030] BTRFS error (device vdc state E): cow_file_range failed, root=5 inode=1142 start=0 len=32768 cur_offset=0 cur_alloc_size=0: -EIO
[  129.091812] BTRFS error (device vdc state E): cow_file_range failed, root=5 inode=1143 start=0 len=32768 cur_offset=0 cur_alloc_size=0: -EIO
[  129.093608] BTRFS error (device vdc state E): cow_file_range failed, root=5 inode=1144 start=0 len=32768 cur_offset=0 cur_alloc_size=0: -EIO
[  129.095415] BTRFS error (device vdc state E): cow_file_range failed, root=5 inode=1145 start=0 len=32768 cur_offset=0 cur_alloc_size=0: -EIO
[  129.097197] BTRFS error (device vdc state E): cow_file_range failed, root=5 inode=1146 start=0 len=32768 cur_offset=0 cur_alloc_size=0: -EIO
[  129.099019] BTRFS error (device vdc state E): cow_file_range failed, root=5 inode=1147 start=0 len=32768 cur_offset=0 cur_alloc_size=0: -EIO
[  129.100806] BTRFS error (device vdc state E): cow_file_range failed, root=5 inode=1148 start=0 len=32768 cur_offset=0 cur_alloc_size=0: -EIO
[  129.102620] BTRFS error (device vdc state E): cow_file_range failed, root=5 inode=1149 start=0 len=32768 cur_offset=0 cur_alloc_size=0: -EIO
[  129.104412] BTRFS error (device vdc state E): cow_file_range failed, root=5 inode=1150 start=0 len=32768 cur_offset=0 cur_alloc_size=0: -EIO
[  129.106190] BTRFS error (device vdc state E): cow_file_range failed, root=5 inode=1151 start=0 len=32768 cur_offset=0 cur_alloc_size=0: -EIO
[  129.107984] BTRFS error (device vdc state E): cow_file_range failed, root=5 inode=1152 start=0 len=32768 cur_offset=0 cur_alloc_size=0: -EIO
[  129.109732] BTRFS error (device vdc state E): cow_file_range failed, root=5 inode=1153 start=0 len=32768 cur_offset=0 cur_alloc_size=0: -EIO
[  129.111559] BTRFS error (device vdc state E): cow_file_range failed, root=5 inode=1154 start=0 len=32768 cur_offset=0 cur_alloc_size=0: -EIO
[  129.113374] BTRFS error (device vdc state E): cow_file_range failed, root=5 inode=1155 start=0 len=32768 cur_offset=0 cur_alloc_size=0: -EIO
[  129.115158] BTRFS error (device vdc state E): cow_file_range failed, root=5 inode=1156 start=0 len=32768 cur_offset=0 cur_alloc_size=0: -EIO
[  129.116994] BTRFS error (device vdc state E): cow_file_range failed, root=5 inode=1157 start=0 len=32768 cur_offset=0 cur_alloc_size=0: -EIO
[  129.118732] BTRFS error (device vdc state E): cow_file_range failed, root=5 inode=1158 start=0 len=32768 cur_offset=0 cur_alloc_size=0: -EIO
[  129.120541] BTRFS error (device vdc state E): cow_file_range failed, root=5 inode=1159 start=0 len=32768 cur_offset=0 cur_alloc_size=0: -EIO
[  129.122325] BTRFS error (device vdc state E): cow_file_range failed, root=5 inode=1160 start=0 len=32768 cur_offset=0 cur_alloc_size=0: -EIO
[  129.124125] BTRFS error (device vdc state E): cow_file_range failed, root=5 inode=1161 start=0 len=32768 cur_offset=0 cur_alloc_size=0: -EIO
[  129.125925] BTRFS error (device vdc state E): cow_file_range failed, root=5 inode=1162 start=0 len=32768 cur_offset=0 cur_alloc_size=0: -EIO
[  129.127723] BTRFS error (device vdc state E): cow_file_range failed, root=5 inode=1163 start=0 len=32768 cur_offset=0 cur_alloc_size=0: -EIO
[  129.129575] BTRFS error (device vdc state E): cow_file_range failed, root=5 inode=1164 start=0 len=32768 cur_offset=0 cur_alloc_size=0: -EIO
[  129.131358] BTRFS error (device vdc state E): cow_file_range failed, root=5 inode=1165 start=0 len=32768 cur_offset=0 cur_alloc_size=0: -EIO
[  129.133161] BTRFS error (device vdc state E): cow_file_range failed, root=5 inode=1166 start=0 len=32768 cur_offset=0 cur_alloc_size=0: -EIO
[  129.134951] BTRFS error (device vdc state E): cow_file_range failed, root=5 inode=1167 start=0 len=32768 cur_offset=0 cur_alloc_size=0: -EIO
[  129.136777] BTRFS error (device vdc state E): cow_file_range failed, root=5 inode=1168 start=0 len=32768 cur_offset=0 cur_alloc_size=0: -EIO
[  129.138560] BTRFS error (device vdc state E): cow_file_range failed, root=5 inode=1169 start=0 len=32768 cur_offset=0 cur_alloc_size=0: -EIO
[  129.140350] BTRFS error (device vdc state E): cow_file_range failed, root=5 inode=1170 start=0 len=32768 cur_offset=0 cur_alloc_size=0: -EIO
[  129.142145] BTRFS error (device vdc state E): cow_file_range failed, root=5 inode=1171 start=0 len=32768 cur_offset=0 cur_alloc_size=0: -EIO
[  129.143976] BTRFS error (device vdc state E): cow_file_range failed, root=5 inode=1172 start=0 len=32768 cur_offset=0 cur_alloc_size=0: -EIO
[  129.145820] BTRFS error (device vdc state E): cow_file_range failed, root=5 inode=1173 start=0 len=32768 cur_offset=0 cur_alloc_size=0: -EIO
[  129.147646] BTRFS error (device vdc state E): cow_file_range failed, root=5 inode=1174 start=0 len=32768 cur_offset=0 cur_alloc_size=0: -EIO
[  129.149431] BTRFS error (device vdc state E): cow_file_range failed, root=5 inode=1175 start=0 len=32768 cur_offset=0 cur_alloc_size=0: -EIO
[  129.151233] BTRFS error (device vdc state E): cow_file_range failed, root=5 inode=1176 start=0 len=32768 cur_offset=0 cur_alloc_size=0: -EIO
[  129.153031] BTRFS error (device vdc state E): cow_file_range failed, root=5 inode=1177 start=0 len=32768 cur_offset=0 cur_alloc_size=0: -EIO
[  129.154809] BTRFS error (device vdc state E): cow_file_range failed, root=5 inode=1178 start=0 len=32768 cur_offset=0 cur_alloc_size=0: -EIO
[  129.156597] BTRFS error (device vdc state E): cow_file_range failed, root=5 inode=1179 start=0 len=32768 cur_offset=0 cur_alloc_size=0: -EIO
[  129.158357] BTRFS error (device vdc state E): cow_file_range failed, root=5 inode=1180 start=0 len=32768 cur_offset=0 cur_alloc_size=0: -EIO
[  129.160226] BTRFS error (device vdc state E): cow_file_range failed, root=5 inode=1181 start=0 len=32768 cur_offset=0 cur_alloc_size=0: -EIO
[  129.162042] BTRFS error (device vdc state E): cow_file_range failed, root=5 inode=1182 start=0 len=32768 cur_offset=0 cur_alloc_size=0: -EIO
[  129.163850] BTRFS error (device vdc state E): cow_file_range failed, root=5 inode=1183 start=0 len=32768 cur_offset=0 cur_alloc_size=0: -EIO
[  129.165613] BTRFS error (device vdc state E): cow_file_range failed, root=5 inode=1184 start=0 len=32768 cur_offset=0 cur_alloc_size=0: -EIO
[  129.167416] BTRFS error (device vdc state E): cow_file_range failed, root=5 inode=1185 start=0 len=32768 cur_offset=0 cur_alloc_size=0: -EIO
[  129.169218] BTRFS error (device vdc state E): cow_file_range failed, root=5 inode=1186 start=0 len=32768 cur_offset=0 cur_alloc_size=0: -EIO
[  129.170980] BTRFS error (device vdc state E): cow_file_range failed, root=5 inode=1187 start=0 len=32768 cur_offset=0 cur_alloc_size=0: -EIO
[  129.172775] BTRFS error (device vdc state E): cow_file_range failed, root=5 inode=1188 start=0 len=32768 cur_offset=0 cur_alloc_size=0: -EIO
[  129.174561] BTRFS error (device vdc state E): cow_file_range failed, root=5 inode=1189 start=0 len=32768 cur_offset=0 cur_alloc_size=0: -EIO
[  129.176469] BTRFS error (device vdc state E): cow_file_range failed, root=5 inode=1190 start=0 len=32768 cur_offset=0 cur_alloc_size=0: -EIO
[  129.178227] BTRFS error (device vdc state E): cow_file_range failed, root=5 inode=1191 start=0 len=32768 cur_offset=0 cur_alloc_size=0: -EIO
[  129.180006] BTRFS error (device vdc state E): cow_file_range failed, root=5 inode=1192 start=0 len=32768 cur_offset=0 cur_alloc_size=0: -EIO
[  129.181823] BTRFS error (device vdc state E): cow_file_range failed, root=5 inode=1193 start=0 len=32768 cur_offset=0 cur_alloc_size=0: -EIO
[  129.183649] BTRFS error (device vdc state E): cow_file_range failed, root=5 inode=1194 start=0 len=32768 cur_offset=0 cur_alloc_size=0: -EIO
[  129.185451] BTRFS error (device vdc state E): cow_file_range failed, root=5 inode=1195 start=0 len=32768 cur_offset=0 cur_alloc_size=0: -EIO
[  129.187220] BTRFS error (device vdc state E): cow_file_range failed, root=5 inode=1196 start=0 len=32768 cur_offset=0 cur_alloc_size=0: -EIO
[  129.189014] BTRFS error (device vdc state E): cow_file_range failed, root=5 inode=1197 start=0 len=32768 cur_offset=0 cur_alloc_size=0: -EIO
[  129.190891] BTRFS error (device vdc state E): cow_file_range failed, root=5 inode=1198 start=0 len=32768 cur_offset=0 cur_alloc_size=0: -EIO
[  129.192694] BTRFS error (device vdc state E): cow_file_range failed, root=5 inode=1199 start=0 len=32768 cur_offset=0 cur_alloc_size=0: -EIO
[  129.194503] BTRFS error (device vdc state E): cow_file_range failed, root=5 inode=1200 start=0 len=32768 cur_offset=0 cur_alloc_size=0: -EIO
[  129.196279] BTRFS error (device vdc state E): cow_file_range failed, root=5 inode=1201 start=0 len=32768 cur_offset=0 cur_alloc_size=0: -EIO
[  129.198046] BTRFS error (device vdc state E): cow_file_range failed, root=5 inode=1202 start=0 len=32768 cur_offset=0 cur_alloc_size=0: -EIO
[  129.199856] BTRFS error (device vdc state E): cow_file_range failed, root=5 inode=1203 start=0 len=32768 cur_offset=0 cur_alloc_size=0: -EIO
[  129.201634] BTRFS error (device vdc state E): cow_file_range failed, root=5 inode=1204 start=0 len=32768 cur_offset=0 cur_alloc_size=0: -EIO
[  129.203412] BTRFS error (device vdc state E): cow_file_range failed, root=5 inode=1205 start=0 len=32768 cur_offset=0 cur_alloc_size=0: -EIO
[  129.205192] BTRFS error (device vdc state E): cow_file_range failed, root=5 inode=1206 start=0 len=32768 cur_offset=0 cur_alloc_size=0: -EIO
[  129.207039] BTRFS error (device vdc state E): cow_file_range failed, root=5 inode=1207 start=0 len=32768 cur_offset=0 cur_alloc_size=0: -EIO
[  129.211614] BTRFS error (device vdc state E): cow_file_range failed, root=5 inode=1208 start=0 len=32768 cur_offset=0 cur_alloc_size=0: -EIO
[  129.213494] BTRFS error (device vdc state E): cow_file_range failed, root=5 inode=1209 start=0 len=32768 cur_offset=0 cur_alloc_size=0: -EIO
[  129.215308] BTRFS error (device vdc state E): cow_file_range failed, root=5 inode=1210 start=0 len=32768 cur_offset=0 cur_alloc_size=0: -EIO
[  129.217116] BTRFS error (device vdc state E): cow_file_range failed, root=5 inode=1211 start=0 len=32768 cur_offset=0 cur_alloc_size=0: -EIO
[  129.218863] BTRFS error (device vdc state E): cow_file_range failed, root=5 inode=1212 start=0 len=32768 cur_offset=0 cur_alloc_size=0: -EIO
[  129.220656] BTRFS error (device vdc state E): cow_file_range failed, root=5 inode=1213 start=0 len=32768 cur_offset=0 cur_alloc_size=0: -EIO
[  129.222591] BTRFS error (device vdc state E): cow_file_range failed, root=5 inode=1214 start=0 len=32768 cur_offset=0 cur_alloc_size=0: -EIO
[  129.224424] BTRFS error (device vdc state E): cow_file_range failed, root=5 inode=1215 start=0 len=32768 cur_offset=0 cur_alloc_size=0: -EIO
[  129.226208] BTRFS error (device vdc state E): cow_file_range failed, root=5 inode=1216 start=0 len=32768 cur_offset=0 cur_alloc_size=0: -EIO
[  129.228015] BTRFS error (device vdc state E): cow_file_range failed, root=5 inode=1217 start=0 len=32768 cur_offset=0 cur_alloc_size=0: -EIO
[  129.229783] BTRFS error (device vdc state E): cow_file_range failed, root=5 inode=1218 start=0 len=32768 cur_offset=0 cur_alloc_size=0: -EIO
[  129.231567] BTRFS error (device vdc state E): cow_file_range failed, root=5 inode=1219 start=0 len=32768 cur_offset=0 cur_alloc_size=0: -EIO
[  129.233352] BTRFS error (device vdc state E): cow_file_range failed, root=5 inode=1220 start=0 len=32768 cur_offset=0 cur_alloc_size=0: -EIO
[  129.241879] BTRFS info (device vdc state E): last unmount of filesystem 0a845589-944c-49ea-bcdd-2e68eed78a3e
[  129.249594] BTRFS: device fsid 0a845589-944c-49ea-bcdd-2e68eed78a3e devid 1 transid 11 /dev/vdc (253:32) scanned by mount (16263)
[  129.251720] BTRFS info (device vdc): first mount of filesystem 0a845589-944c-49ea-bcdd-2e68eed78a3e
[  129.253020] BTRFS info (device vdc): using crc32c checksum algorithm
[  129.257290] BTRFS info (device vdc): turning on async discard
[  129.258127] BTRFS info (device vdc): enabling free space tree
[  129.261597] BTRFS info (device vdc): last unmount of filesystem 0a845589-944c-49ea-bcdd-2e68eed78a3e
[  129.267273] BTRFS: device fsid 0a845589-944c-49ea-bcdd-2e68eed78a3e devid 1 transid 11 /dev/vdc (253:32) scanned by mount (16283)
[  129.269397] BTRFS info (device vdc): first mount of filesystem 0a845589-944c-49ea-bcdd-2e68eed78a3e
[  129.270636] BTRFS info (device vdc): using crc32c checksum algorithm
[  129.274244] BTRFS info (device vdc): turning on async discard
[  129.275137] BTRFS info (device vdc): enabling free space tree
[  133.130489] BTRFS info (device vdb): last unmount of filesystem beb0a138-b1d6-4409-8c61-9e466f17fab3
[  133.145033] BTRFS info (device vdc): last unmount of filesystem 0a845589-944c-49ea-bcdd-2e68eed78a3e
[  133.154063] BTRFS: device fsid 0a845589-944c-49ea-bcdd-2e68eed78a3e devid 1 transid 15 /dev/vdc (253:32) scanned by mount (29181)
[  133.156226] BTRFS info (device vdc): first mount of filesystem 0a845589-944c-49ea-bcdd-2e68eed78a3e
[  133.157506] BTRFS info (device vdc): using crc32c checksum algorithm
[  133.161311] BTRFS info (device vdc): turning on async discard
[  133.162210] BTRFS info (device vdc): enabling free space tree
[  133.166203] BTRFS info (device vdc): last unmount of filesystem 0a845589-944c-49ea-bcdd-2e68eed78a3e
[  133.194420] run fstests generic/046 at 2026-08-01 03:28:32
[  133.268016] BTRFS: device fsid beb0a138-b1d6-4409-8c61-9e466f17fab3 devid 1 transid 17 /dev/vdb (253:16) scanned by mount (29367)
[  133.270211] BTRFS info (device vdb): first mount of filesystem beb0a138-b1d6-4409-8c61-9e466f17fab3
[  133.271560] BTRFS info (device vdb): using crc32c checksum algorithm
[  133.275672] BTRFS info (device vdb): turning on async discard
[  133.276527] BTRFS info (device vdb): enabling free space tree
[  133.331662] BTRFS: device fsid fb013239-f1bc-49f4-9ab1-af30db4a51a7 devid 1 transid 8 /dev/vdc (253:32) scanned by mount (29417)
[  133.333706] BTRFS info (device vdc): first mount of filesystem fb013239-f1bc-49f4-9ab1-af30db4a51a7
[  133.335015] BTRFS info (device vdc): using crc32c checksum algorithm
[  133.338543] BTRFS info (device vdc): checking UUID tree
[  133.339456] BTRFS info (device vdc): turning on async discard
[  133.340347] BTRFS info (device vdc): enabling free space tree
[  133.364960] BTRFS critical (device vdc state E): emergency shutdown
[  133.368404] BTRFS info (device vdc state E): last unmount of filesystem fb013239-f1bc-49f4-9ab1-af30db4a51a7
[  133.420114] BTRFS: device fsid 4e318b05-2003-474d-a69b-1e2083b839de devid 1 transid 8 /dev/vdc (253:32) scanned by mount (29465)
[  133.422570] BTRFS info (device vdc): first mount of filesystem 4e318b05-2003-474d-a69b-1e2083b839de
[  133.423892] BTRFS info (device vdc): using crc32c checksum algorithm
[  133.427658] BTRFS info (device vdc): checking UUID tree
[  133.428570] BTRFS info (device vdc): turning on async discard
[  133.429422] BTRFS info (device vdc): enabling free space tree
[  146.414105] BTRFS critical (device vdc state E): emergency shutdown
[  146.419183] _btrfs_printk: 35 callbacks suppressed
[  146.419184] BTRFS error (device vdc state E): cow_file_range failed, root=5 inode=1140 start=0 len=32768 cur_offset=0 cur_alloc_size=0: -EIO
[  146.421653] writepage_delalloc: 115 callbacks suppressed
[  146.421655] BTRFS error (device vdc state E): failed to run delalloc range, root=5 ino=1140 folio=0 submit_bitmap=0 start=0 len=32768: -EIO
[  146.424161] BTRFS error (device vdc state E): cow_file_range failed, root=5 inode=1141 start=0 len=32768 cur_offset=0 cur_alloc_size=0: -EIO
[  146.425893] BTRFS error (device vdc state E): failed to run delalloc range, root=5 ino=1141 folio=0 submit_bitmap=0 start=0 len=32768: -EIO
[  146.427650] BTRFS error (device vdc state E): cow_file_range failed, root=5 inode=1142 start=0 len=32768 cur_offset=0 cur_alloc_size=0: -EIO
[  146.429398] BTRFS error (device vdc state E): failed to run delalloc range, root=5 ino=1142 folio=0 submit_bitmap=0 start=0 len=32768: -EIO
[  146.431099] BTRFS error (device vdc state E): cow_file_range failed, root=5 inode=1143 start=0 len=32768 cur_offset=0 cur_alloc_size=0: -EIO
[  146.432841] BTRFS error (device vdc state E): failed to run delalloc range, root=5 ino=1143 folio=0 submit_bitmap=0 start=0 len=32768: -EIO
[  146.434561] BTRFS error (device vdc state E): cow_file_range failed, root=5 inode=1144 start=0 len=32768 cur_offset=0 cur_alloc_size=0: -EIO
[  146.436248] BTRFS error (device vdc state E): failed to run delalloc range, root=5 ino=1144 folio=0 submit_bitmap=0 start=0 len=32768: -EIO
[  146.437946] BTRFS error (device vdc state E): cow_file_range failed, root=5 inode=1145 start=0 len=32768 cur_offset=0 cur_alloc_size=0: -EIO
[  146.439671] BTRFS error (device vdc state E): failed to run delalloc range, root=5 ino=1145 folio=0 submit_bitmap=0 start=0 len=32768: -EIO
[  146.441411] BTRFS error (device vdc state E): cow_file_range failed, root=5 inode=1146 start=0 len=32768 cur_offset=0 cur_alloc_size=0: -EIO
[  146.443188] BTRFS error (device vdc state E): failed to run delalloc range, root=5 ino=1146 folio=0 submit_bitmap=0 start=0 len=32768: -EIO
[  146.444946] BTRFS error (device vdc state E): cow_file_range failed, root=5 inode=1147 start=0 len=32768 cur_offset=0 cur_alloc_size=0: -EIO
[  146.446678] BTRFS error (device vdc state E): failed to run delalloc range, root=5 ino=1147 folio=0 submit_bitmap=0 start=0 len=32768: -EIO
[  146.448439] BTRFS error (device vdc state E): cow_file_range failed, root=5 inode=1148 start=0 len=32768 cur_offset=0 cur_alloc_size=0: -EIO
[  146.450149] BTRFS error (device vdc state E): failed to run delalloc range, root=5 ino=1148 folio=0 submit_bitmap=0 start=0 len=32768: -EIO
[  146.451898] BTRFS error (device vdc state E): cow_file_range failed, root=5 inode=1149 start=0 len=32768 cur_offset=0 cur_alloc_size=0: -EIO
[  146.453649] BTRFS error (device vdc state E): failed to run delalloc range, root=5 ino=1149 folio=0 submit_bitmap=0 start=0 len=32768: -EIO
[  146.455390] BTRFS error (device vdc state E): cow_file_range failed, root=5 inode=1150 start=0 len=32768 cur_offset=0 cur_alloc_size=0: -EIO
[  146.457229] BTRFS error (device vdc state E): cow_file_range failed, root=5 inode=1151 start=0 len=32768 cur_offset=0 cur_alloc_size=0: -EIO
[  146.458975] BTRFS error (device vdc state E): cow_file_range failed, root=5 inode=1152 start=0 len=32768 cur_offset=0 cur_alloc_size=0: -EIO
[  146.460821] BTRFS error (device vdc state E): cow_file_range failed, root=5 inode=1153 start=0 len=32768 cur_offset=0 cur_alloc_size=0: -EIO
[  146.462604] BTRFS error (device vdc state E): cow_file_range failed, root=5 inode=1154 start=0 len=32768 cur_offset=0 cur_alloc_size=0: -EIO
[  146.464391] BTRFS error (device vdc state E): cow_file_range failed, root=5 inode=1155 start=0 len=32768 cur_offset=0 cur_alloc_size=0: -EIO
[  146.466114] BTRFS error (device vdc state E): cow_file_range failed, root=5 inode=1156 start=0 len=32768 cur_offset=0 cur_alloc_size=0: -EIO
[  146.467895] BTRFS error (device vdc state E): cow_file_range failed, root=5 inode=1157 start=0 len=32768 cur_offset=0 cur_alloc_size=0: -EIO
[  146.469671] BTRFS error (device vdc state E): cow_file_range failed, root=5 inode=1158 start=0 len=32768 cur_offset=0 cur_alloc_size=0: -EIO
[  146.471436] BTRFS error (device vdc state E): cow_file_range failed, root=5 inode=1159 start=0 len=32768 cur_offset=0 cur_alloc_size=0: -EIO
[  146.473231] BTRFS error (device vdc state E): cow_file_range failed, root=5 inode=1160 start=0 len=32768 cur_offset=0 cur_alloc_size=0: -EIO
[  146.475042] BTRFS error (device vdc state E): cow_file_range failed, root=5 inode=1161 start=0 len=32768 cur_offset=0 cur_alloc_size=0: -EIO
[  146.476849] BTRFS error (device vdc state E): cow_file_range failed, root=5 inode=1162 start=0 len=32768 cur_offset=0 cur_alloc_size=0: -EIO
[  146.478626] BTRFS error (device vdc state E): cow_file_range failed, root=5 inode=1163 start=0 len=32768 cur_offset=0 cur_alloc_size=0: -EIO
[  146.480410] BTRFS error (device vdc state E): cow_file_range failed, root=5 inode=1164 start=0 len=32768 cur_offset=0 cur_alloc_size=0: -EIO
[  146.482165] BTRFS error (device vdc state E): cow_file_range failed, root=5 inode=1165 start=0 len=32768 cur_offset=0 cur_alloc_size=0: -EIO
[  146.483957] BTRFS error (device vdc state E): cow_file_range failed, root=5 inode=1166 start=0 len=32768 cur_offset=0 cur_alloc_size=0: -EIO
[  146.485714] BTRFS error (device vdc state E): cow_file_range failed, root=5 inode=1167 start=0 len=32768 cur_offset=0 cur_alloc_size=0: -EIO
[  146.487547] BTRFS error (device vdc state E): cow_file_range failed, root=5 inode=1168 start=0 len=32768 cur_offset=0 cur_alloc_size=0: -EIO
[  146.489305] BTRFS error (device vdc state E): cow_file_range failed, root=5 inode=1169 start=0 len=32768 cur_offset=0 cur_alloc_size=0: -EIO
[  146.491080] BTRFS error (device vdc state E): cow_file_range failed, root=5 inode=1170 start=0 len=32768 cur_offset=0 cur_alloc_size=0: -EIO
[  146.492849] BTRFS error (device vdc state E): cow_file_range failed, root=5 inode=1171 start=0 len=32768 cur_offset=0 cur_alloc_size=0: -EIO
[  146.494616] BTRFS error (device vdc state E): cow_file_range failed, root=5 inode=1172 start=0 len=32768 cur_offset=0 cur_alloc_size=0: -EIO
[  146.496394] BTRFS error (device vdc state E): cow_file_range failed, root=5 inode=1173 start=0 len=32768 cur_offset=0 cur_alloc_size=0: -EIO
[  146.498126] BTRFS error (device vdc state E): cow_file_range failed, root=5 inode=1174 start=0 len=32768 cur_offset=0 cur_alloc_size=0: -EIO
[  146.499903] BTRFS error (device vdc state E): cow_file_range failed, root=5 inode=1175 start=0 len=32768 cur_offset=0 cur_alloc_size=0: -EIO
[  146.501702] BTRFS error (device vdc state E): cow_file_range failed, root=5 inode=1176 start=0 len=32768 cur_offset=0 cur_alloc_size=0: -EIO
[  146.503472] BTRFS error (device vdc state E): cow_file_range failed, root=5 inode=1177 start=0 len=32768 cur_offset=0 cur_alloc_size=0: -EIO
[  146.505250] BTRFS error (device vdc state E): cow_file_range failed, root=5 inode=1178 start=0 len=32768 cur_offset=0 cur_alloc_size=0: -EIO
[  146.507056] BTRFS error (device vdc state E): cow_file_range failed, root=5 inode=1179 start=0 len=32768 cur_offset=0 cur_alloc_size=0: -EIO
[  146.508817] BTRFS error (device vdc state E): cow_file_range failed, root=5 inode=1180 start=0 len=32768 cur_offset=0 cur_alloc_size=0: -EIO
[  146.510591] BTRFS error (device vdc state E): cow_file_range failed, root=5 inode=1181 start=0 len=32768 cur_offset=0 cur_alloc_size=0: -EIO
[  146.512372] BTRFS error (device vdc state E): cow_file_range failed, root=5 inode=1182 start=0 len=32768 cur_offset=0 cur_alloc_size=0: -EIO
[  146.514128] BTRFS error (device vdc state E): cow_file_range failed, root=5 inode=1183 start=0 len=32768 cur_offset=0 cur_alloc_size=0: -EIO
[  146.515896] BTRFS error (device vdc state E): cow_file_range failed, root=5 inode=1184 start=0 len=32768 cur_offset=0 cur_alloc_size=0: -EIO
[  146.517693] BTRFS error (device vdc state E): cow_file_range failed, root=5 inode=1185 start=0 len=32768 cur_offset=0 cur_alloc_size=0: -EIO
[  146.519462] BTRFS error (device vdc state E): cow_file_range failed, root=5 inode=1186 start=0 len=32768 cur_offset=0 cur_alloc_size=0: -EIO
[  146.521279] BTRFS error (device vdc state E): cow_file_range failed, root=5 inode=1187 start=0 len=32768 cur_offset=0 cur_alloc_size=0: -EIO
[  146.523053] BTRFS error (device vdc state E): cow_file_range failed, root=5 inode=1188 start=0 len=32768 cur_offset=0 cur_alloc_size=0: -EIO
[  146.524816] BTRFS error (device vdc state E): cow_file_range failed, root=5 inode=1189 start=0 len=32768 cur_offset=0 cur_alloc_size=0: -EIO
[  146.526607] BTRFS error (device vdc state E): cow_file_range failed, root=5 inode=1190 start=0 len=32768 cur_offset=0 cur_alloc_size=0: -EIO
[  146.528373] BTRFS error (device vdc state E): cow_file_range failed, root=5 inode=1191 start=0 len=32768 cur_offset=0 cur_alloc_size=0: -EIO
[  146.530147] BTRFS error (device vdc state E): cow_file_range failed, root=5 inode=1192 start=0 len=32768 cur_offset=0 cur_alloc_size=0: -EIO
[  146.531990] BTRFS error (device vdc state E): cow_file_range failed, root=5 inode=1193 start=0 len=32768 cur_offset=0 cur_alloc_size=0: -EIO
[  146.533743] BTRFS error (device vdc state E): cow_file_range failed, root=5 inode=1194 start=0 len=32768 cur_offset=0 cur_alloc_size=0: -EIO
[  146.535507] BTRFS error (device vdc state E): cow_file_range failed, root=5 inode=1195 start=0 len=32768 cur_offset=0 cur_alloc_size=0: -EIO
[  146.537332] BTRFS error (device vdc state E): cow_file_range failed, root=5 inode=1196 start=0 len=32768 cur_offset=0 cur_alloc_size=0: -EIO
[  146.539084] BTRFS error (device vdc state E): cow_file_range failed, root=5 inode=1197 start=0 len=32768 cur_offset=0 cur_alloc_size=0: -EIO
[  146.540894] BTRFS error (device vdc state E): cow_file_range failed, root=5 inode=1198 start=0 len=32768 cur_offset=0 cur_alloc_size=0: -EIO
[  146.542646] BTRFS error (device vdc state E): cow_file_range failed, root=5 inode=1199 start=0 len=32768 cur_offset=0 cur_alloc_size=0: -EIO
[  146.544390] BTRFS error (device vdc state E): cow_file_range failed, root=5 inode=1200 start=0 len=32768 cur_offset=0 cur_alloc_size=0: -EIO
[  146.546210] BTRFS error (device vdc state E): cow_file_range failed, root=5 inode=1201 start=0 len=32768 cur_offset=0 cur_alloc_size=0: -EIO
[  146.547976] BTRFS error (device vdc state E): cow_file_range failed, root=5 inode=1202 start=0 len=32768 cur_offset=0 cur_alloc_size=0: -EIO
[  146.549781] BTRFS error (device vdc state E): cow_file_range failed, root=5 inode=1203 start=0 len=32768 cur_offset=0 cur_alloc_size=0: -EIO
[  146.551616] BTRFS error (device vdc state E): cow_file_range failed, root=5 inode=1204 start=0 len=32768 cur_offset=0 cur_alloc_size=0: -EIO
[  146.553414] BTRFS error (device vdc state E): cow_file_range failed, root=5 inode=1205 start=0 len=32768 cur_offset=0 cur_alloc_size=0: -EIO
[  146.555203] BTRFS error (device vdc state E): cow_file_range failed, root=5 inode=1206 start=0 len=32768 cur_offset=0 cur_alloc_size=0: -EIO
[  146.556968] BTRFS error (device vdc state E): cow_file_range failed, root=5 inode=1207 start=0 len=32768 cur_offset=0 cur_alloc_size=0: -EIO
[  146.558737] BTRFS error (device vdc state E): cow_file_range failed, root=5 inode=1208 start=0 len=32768 cur_offset=0 cur_alloc_size=0: -EIO
[  146.560509] BTRFS error (device vdc state E): cow_file_range failed, root=5 inode=1209 start=0 len=32768 cur_offset=0 cur_alloc_size=0: -EIO
[  146.562288] BTRFS error (device vdc state E): cow_file_range failed, root=5 inode=1210 start=0 len=32768 cur_offset=0 cur_alloc_size=0: -EIO
[  146.564073] BTRFS error (device vdc state E): cow_file_range failed, root=5 inode=1211 start=0 len=32768 cur_offset=0 cur_alloc_size=0: -EIO
[  146.565825] BTRFS error (device vdc state E): cow_file_range failed, root=5 inode=1212 start=0 len=32768 cur_offset=0 cur_alloc_size=0: -EIO
[  146.567673] BTRFS error (device vdc state E): cow_file_range failed, root=5 inode=1213 start=0 len=32768 cur_offset=0 cur_alloc_size=0: -EIO
[  146.569460] BTRFS error (device vdc state E): cow_file_range failed, root=5 inode=1214 start=0 len=32768 cur_offset=0 cur_alloc_size=0: -EIO
[  146.571259] BTRFS error (device vdc state E): cow_file_range failed, root=5 inode=1215 start=0 len=32768 cur_offset=0 cur_alloc_size=0: -EIO
[  146.573046] BTRFS error (device vdc state E): cow_file_range failed, root=5 inode=1216 start=0 len=32768 cur_offset=0 cur_alloc_size=0: -EIO
[  146.574798] BTRFS error (device vdc state E): cow_file_range failed, root=5 inode=1217 start=0 len=32768 cur_offset=0 cur_alloc_size=0: -EIO
[  146.576598] BTRFS error (device vdc state E): cow_file_range failed, root=5 inode=1218 start=0 len=32768 cur_offset=0 cur_alloc_size=0: -EIO
[  146.578353] BTRFS error (device vdc state E): cow_file_range failed, root=5 inode=1219 start=0 len=32768 cur_offset=0 cur_alloc_size=0: -EIO
[  146.580133] BTRFS error (device vdc state E): cow_file_range failed, root=5 inode=1220 start=0 len=32768 cur_offset=0 cur_alloc_size=0: -EIO
[  146.581908] BTRFS error (device vdc state E): cow_file_range failed, root=5 inode=1221 start=0 len=32768 cur_offset=0 cur_alloc_size=0: -EIO
[  146.583719] BTRFS error (device vdc state E): cow_file_range failed, root=5 inode=1222 start=0 len=32768 cur_offset=0 cur_alloc_size=0: -EIO
[  146.585493] BTRFS error (device vdc state E): cow_file_range failed, root=5 inode=1223 start=0 len=32768 cur_offset=0 cur_alloc_size=0: -EIO
[  146.587273] BTRFS error (device vdc state E): cow_file_range failed, root=5 inode=1224 start=0 len=32768 cur_offset=0 cur_alloc_size=0: -EIO
[  146.589061] BTRFS error (device vdc state E): cow_file_range failed, root=5 inode=1225 start=0 len=32768 cur_offset=0 cur_alloc_size=0: -EIO
[  146.590908] BTRFS error (device vdc state E): cow_file_range failed, root=5 inode=1226 start=0 len=32768 cur_offset=0 cur_alloc_size=0: -EIO
[  146.592694] BTRFS error (device vdc state E): cow_file_range failed, root=5 inode=1227 start=0 len=32768 cur_offset=0 cur_alloc_size=0: -EIO
[  146.594431] BTRFS error (device vdc state E): cow_file_range failed, root=5 inode=1228 start=0 len=32768 cur_offset=0 cur_alloc_size=0: -EIO
[  146.596245] BTRFS error (device vdc state E): cow_file_range failed, root=5 inode=1229 start=0 len=32768 cur_offset=0 cur_alloc_size=0: -EIO
[  146.604324] BTRFS info (device vdc state E): last unmount of filesystem 4e318b05-2003-474d-a69b-1e2083b839de
[  146.610688] BTRFS: device fsid 4e318b05-2003-474d-a69b-1e2083b839de devid 1 transid 11 /dev/vdc (253:32) scanned by mount (1016)
[  146.612854] BTRFS info (device vdc): first mount of filesystem 4e318b05-2003-474d-a69b-1e2083b839de
[  146.614127] BTRFS info (device vdc): using crc32c checksum algorithm
[  146.618300] BTRFS info (device vdc): turning on async discard
[  146.619174] BTRFS info (device vdc): enabling free space tree
[  146.622315] BTRFS info (device vdc): last unmount of filesystem 4e318b05-2003-474d-a69b-1e2083b839de
[  146.627389] BTRFS: device fsid 4e318b05-2003-474d-a69b-1e2083b839de devid 1 transid 11 /dev/vdc (253:32) scanned by mount (1036)
[  146.629369] BTRFS info (device vdc): first mount of filesystem 4e318b05-2003-474d-a69b-1e2083b839de
[  146.630675] BTRFS info (device vdc): using crc32c checksum algorithm
[  146.634967] BTRFS info (device vdc): turning on async discard
[  146.635918] BTRFS info (device vdc): enabling free space tree
[  148.929192] BTRFS info (device vdb): last unmount of filesystem beb0a138-b1d6-4409-8c61-9e466f17fab3
[  148.943118] BTRFS info (device vdc): last unmount of filesystem 4e318b05-2003-474d-a69b-1e2083b839de
[  148.952238] BTRFS: device fsid 4e318b05-2003-474d-a69b-1e2083b839de devid 1 transid 14 /dev/vdc (253:32) scanned by mount (7953)
[  148.954266] BTRFS info (device vdc): first mount of filesystem 4e318b05-2003-474d-a69b-1e2083b839de
[  148.955559] BTRFS info (device vdc): using crc32c checksum algorithm
[  148.959335] BTRFS info (device vdc): turning on async discard
[  148.960178] BTRFS info (device vdc): enabling free space tree
[  148.964186] BTRFS info (device vdc): last unmount of filesystem 4e318b05-2003-474d-a69b-1e2083b839de
QITER 3 rc=1 Failures: generic/044 generic/045 generic/046
Ran: generic/044 generic/045 generic/046
Failed 3 of 3 tests
---- /tmp/xfstests/results/generic/044.out.bad ----
QA output created by 044
corrupt file /mnt/scratch/970 - non-zero size but no extents
corrupt file /mnt/scratch/971 - non-zero size but no extents
corrupt file /mnt/scratch/972 - non-zero size but no extents
corrupt file /mnt/scratch/973 - non-zero size but no extents
corrupt file /mnt/scratch/974 - non-zero size but no extents
corrupt file /mnt/scratch/975 - non-zero size but no extents
corrupt file /mnt/scratch/976 - non-zero size but no extents
corrupt file /mnt/scratch/977 - non-zero size but no extents
corrupt file /mnt/scratch/978 - non-zero size but no extents
corrupt file /mnt/scratch/979 - non-zero size but no extents
corrupt file /mnt/scratch/980 - non-zero size but no extents
corrupt file /mnt/scratch/981 - non-zero size but no extents
corrupt file /mnt/scratch/982 - non-zero size but no extents
corrupt file /mnt/scratch/983 - non-zero size but no extents
corrupt file /mnt/scratch/984 - non-zero size but no extents
corrupt file /mnt/scratch/985 - non-zero size but no extents
corrupt file /mnt/scratch/986 - non-zero size but no extents
corrupt file /mnt/scratch/987 - non-zero size but no extents
corrupt file /mnt/scratch/988 - non-zero size but no extents
corrupt file /mnt/scratch/989 - non-zero size but no extents
corrupt file /mnt/scratch/990 - non-zero size but no extents
corrupt file /mnt/scratch/991 - non-zero size but no extents
corrupt file /mnt/scratch/992 - non-zero size but no extents
corrupt file /mnt/scratch/993 - non-zero size but no extents
---- /tmp/xfstests/results/generic/045.out.bad ----
QA output created by 045
corrupt file /mnt/scratch/875 - non-zero size but no extents
corrupt file /mnt/scratch/876 - non-zero size but no extents
corrupt file /mnt/scratch/877 - non-zero size but no extents
corrupt file /mnt/scratch/878 - non-zero size but no extents
corrupt file /mnt/scratch/879 - non-zero size but no extents
corrupt file /mnt/scratch/880 - non-zero size but no extents
corrupt file /mnt/scratch/881 - non-zero size but no extents
corrupt file /mnt/scratch/882 - non-zero size but no extents
corrupt file /mnt/scratch/883 - non-zero size but no extents
corrupt file /mnt/scratch/884 - non-zero size but no extents
corrupt file /mnt/scratch/885 - non-zero size but no extents
corrupt file /mnt/scratch/886 - non-zero size but no extents
corrupt file /mnt/scratch/887 - non-zero size but no extents
corrupt file /mnt/scratch/888 - non-zero size but no extents
corrupt file /mnt/scratch/889 - non-zero size but no extents
corrupt file /mnt/scratch/890 - non-zero size but no extents
corrupt file /mnt/scratch/891 - non-zero size but no extents
corrupt file /mnt/scratch/892 - non-zero size but no extents
corrupt file /mnt/scratch/893 - non-zero size but no extents
corrupt file /mnt/scratch/894 - non-zero size but no extents
corrupt file /mnt/scratch/895 - non-zero size but no extents
corrupt file /mnt/scratch/896 - non-zero size but no extents
corrupt file /mnt/scratch/897 - non-zero size but no extents
corrupt file /mnt/scratch/898 - non-zero size but no extents
---- /tmp/xfstests/results/generic/046.out.bad ----
QA output created by 046
corrupt file /mnt/scratch/884 - non-zero size but no extents
corrupt file /mnt/scratch/885 - non-zero size but no extents
corrupt file /mnt/scratch/886 - non-zero size but no extents
corrupt file /mnt/scratch/887 - non-zero size but no extents
corrupt file /mnt/scratch/888 - non-zero size but no extents
corrupt file /mnt/scratch/889 - non-zero size but no extents
corrupt file /mnt/scratch/890 - non-zero size but no extents
corrupt file /mnt/scratch/891 - non-zero size but no extents
corrupt file /mnt/scratch/892 - non-zero size but no extents
corrupt file /mnt/scratch/893 - non-zero size but no extents
corrupt file /mnt/scratch/894 - non-zero size but no extents
corrupt file /mnt/scratch/895 - non-zero size but no extents
corrupt file /mnt/scratch/896 - non-zero size but no extents
corrupt file /mnt/scratch/897 - non-zero size but no extents
corrupt file /mnt/scratch/898 - non-zero size but no extents
corrupt file /mnt/scratch/899 - non-zero size but no extents
corrupt file /mnt/scratch/900 - non-zero size but no extents
corrupt file /mnt/scratch/901 - non-zero size but no extents
corrupt file /mnt/scratch/902 - non-zero size but no extents
corrupt file /mnt/scratch/903 - non-zero size but no extents
corrupt file /mnt/scratch/904 - non-zero size but no extents
corrupt file /mnt/scratch/905 - non-zero size but no extents
corrupt file /mnt/scratch/906 - non-zero size but no extents
corrupt file /mnt/scratch/907 - non-zero size but no extents
=== QEMU RUN DONE rc=0 ===
[  149.072787] ACPI: PM: Preparing to enter system sleep state S5
[  149.073756] reboot: Power down
